{
    "fpd_attempts_observed": {
        "n_of_results": 937,
        "sum": {
            "BrowserProperties": 307226,
            "AlgorithmicMethods": 216381,
            "CrawlFpInspector": 7460
        },
        "average": {
            "BrowserProperties": 327.88260405549624,
            "AlgorithmicMethods": 230.92956243329775,
            "CrawlFpInspector": 7.9615795090715045
        }
    },
    "fpd_attempts_blocked_directly": {
        "n_of_results": 937,
        "sum": {
            "BrowserProperties": 29636,
            "AlgorithmicMethods": 879,
            "CrawlFpInspector": 637
        },
        "average": {
            "BrowserProperties": 31.628601921024547,
            "AlgorithmicMethods": 0.9381003201707577,
            "CrawlFpInspector": 0.67982924226254
        }
    },
    "fpd_attempts_blocked_transitively": {
        "n_of_results": 937,
        "sum": {
            "BrowserProperties": 51025,
            "AlgorithmicMethods": 1997,
            "CrawlFpInspector": 812
        },
        "average": {
            "BrowserProperties": 54.45570971184632,
            "AlgorithmicMethods": 2.1312700106723588,
            "CrawlFpInspector": 0.8665955176093917
        }
    },
    "fpd_attempts_blocked_in_total": {
        "n_of_results": 937,
        "sum": {
            "BrowserProperties": 80661,
            "AlgorithmicMethods": 2876,
            "CrawlFpInspector": 1449
        },
        "average": {
            "BrowserProperties": 86.08431163287086,
            "AlgorithmicMethods": 3.069370330843116,
            "CrawlFpInspector": 1.5464247598719316
        }
    },
    "requests_observed": {
        "n_of_results": 937,
        "sum": 100525,
        "average": 107.28388473852722
    },
    "requests_blocked_directly": {
        "n_of_results": 937,
        "sum": 4793,
        "average": 5.115261472785486
    },
    "requests_blocked_in_total": {
        "n_of_results": 937,
        "sum": 13165,
        "average": 14.050160085378868
    },
    "requests_blocked_transitively": {
        "n_of_results": 937,
        "sum": 8372,
        "average": 8.934898612593383
    },
    "requests_blocked_that_have_child_requests": {
        "n_of_results": 937,
        "sum": 751,
        "average": 0.8014941302027748
    },
    "average_request_block_level": {
        "n_of_results": 591,
        "sum": 2168.2415614853358,
        "average": 3.6687674475217187
    },
    "blocked_subtrees_data": {
        "n_of_results": 937,
        "sum": {
            "subtrees_fully_blocked": 2764,
            "subtrees_partially_blocked": 660,
            "subtrees_not_blocked": 57193,
            "subtrees_in_total": 60617,
            "trees_with_blocked_root_node": 3
        },
        "average": {
            "subtrees_fully_blocked": 2.949839914621131,
            "subtrees_partially_blocked": 0.7043756670224119,
            "subtrees_not_blocked": 61.038420490928495,
            "subtrees_in_total": 64.69263607257204,
            "trees_with_blocked_root_node": 0.0032017075773745998
        }
    }
}