{
    "fpd_attempts_observed": {
        "n_of_results": 937,
        "sum": {
            "BrowserProperties": 296536,
            "AlgorithmicMethods": 215569,
            "CrawlFpInspector": 6835
        },
        "average": {
            "BrowserProperties": 316.47385272145146,
            "AlgorithmicMethods": 230.06296691568838,
            "CrawlFpInspector": 7.294557097118463
        }
    },
    "fpd_attempts_blocked_directly": {
        "n_of_results": 937,
        "sum": {
            "BrowserProperties": 29019,
            "AlgorithmicMethods": 843,
            "CrawlFpInspector": 635
        },
        "average": {
            "BrowserProperties": 30.970117395944502,
            "AlgorithmicMethods": 0.8996798292422625,
            "CrawlFpInspector": 0.6776947705442903
        }
    },
    "fpd_attempts_blocked_transitively": {
        "n_of_results": 937,
        "sum": {
            "BrowserProperties": 42950,
            "AlgorithmicMethods": 1510,
            "CrawlFpInspector": 672
        },
        "average": {
            "BrowserProperties": 45.83778014941302,
            "AlgorithmicMethods": 1.6115261472785485,
            "CrawlFpInspector": 0.7171824973319103
        }
    },
    "fpd_attempts_blocked_in_total": {
        "n_of_results": 937,
        "sum": {
            "BrowserProperties": 71969,
            "AlgorithmicMethods": 2353,
            "CrawlFpInspector": 1307
        },
        "average": {
            "BrowserProperties": 76.80789754535752,
            "AlgorithmicMethods": 2.5112059765208112,
            "CrawlFpInspector": 1.3948772678762007
        }
    },
    "requests_observed": {
        "n_of_results": 937,
        "sum": 100825,
        "average": 107.60405549626468
    },
    "requests_blocked_directly": {
        "n_of_results": 937,
        "sum": 4836,
        "average": 5.161152614727855
    },
    "requests_blocked_in_total": {
        "n_of_results": 937,
        "sum": 13282,
        "average": 14.175026680896478
    },
    "requests_blocked_transitively": {
        "n_of_results": 937,
        "sum": 8446,
        "average": 9.013874066168624
    },
    "requests_blocked_that_have_child_requests": {
        "n_of_results": 937,
        "sum": 756,
        "average": 0.8068303094983992
    },
    "average_request_block_level": {
        "n_of_results": 937,
        "sum": 2183.820460088021,
        "average": 2.3306515048965
    },
    "blocked_subtrees_data": {
        "n_of_results": 937,
        "sum": {
            "subtrees_fully_blocked": 2540,
            "subtrees_partially_blocked": 684,
            "subtrees_not_blocked": 56394,
            "subtrees_in_total": 59618,
            "trees_blocked_because_root_node": 3
        },
        "average": {
            "subtrees_fully_blocked": 2.710779082177161,
            "subtrees_partially_blocked": 0.7299893276414088,
            "subtrees_not_blocked": 60.18569903948773,
            "subtrees_in_total": 63.6264674493063,
            "trees_blocked_because_root_node": 0.0032017075773745998
        }
    }
}