{
    "fpd_attempts_observed": {
        "n_of_results": 937,
        "sum": {
            "BrowserProperties": 295421,
            "AlgorithmicMethods": 215559,
            "CrawlFpInspector": 6713
        },
        "average": {
            "BrowserProperties": 315.2838847385272,
            "AlgorithmicMethods": 230.05229455709713,
            "CrawlFpInspector": 7.164354322305229
        }
    },
    "fpd_attempts_blocked_directly": {
        "n_of_results": 937,
        "sum": {
            "BrowserProperties": 54875,
            "AlgorithmicMethods": 3150,
            "CrawlFpInspector": 1166
        },
        "average": {
            "BrowserProperties": 58.56456776947705,
            "AlgorithmicMethods": 3.3617929562433297,
            "CrawlFpInspector": 1.2443970117395944
        }
    },
    "fpd_attempts_blocked_transitively": {
        "n_of_results": 937,
        "sum": {
            "BrowserProperties": 107696,
            "AlgorithmicMethods": 6974,
            "CrawlFpInspector": 1512
        },
        "average": {
            "BrowserProperties": 114.93703308431164,
            "AlgorithmicMethods": 7.44290288153682,
            "CrawlFpInspector": 1.6136606189967984
        }
    },
    "fpd_attempts_blocked_in_total": {
        "n_of_results": 937,
        "sum": {
            "BrowserProperties": 162571,
            "AlgorithmicMethods": 10124,
            "CrawlFpInspector": 2678
        },
        "average": {
            "BrowserProperties": 173.5016008537887,
            "AlgorithmicMethods": 10.80469583778015,
            "CrawlFpInspector": 2.858057630736393
        }
    },
    "requests_observed": {
        "n_of_results": 937,
        "sum": 100825,
        "average": 107.60405549626468
    },
    "requests_blocked_directly": {
        "n_of_results": 937,
        "sum": 9495,
        "average": 10.133404482390608
    },
    "requests_blocked_in_total": {
        "n_of_results": 937,
        "sum": 23640,
        "average": 25.229455709711846
    },
    "requests_blocked_transitively": {
        "n_of_results": 937,
        "sum": 14145,
        "average": 15.096051227321238
    },
    "requests_blocked_that_have_child_requests": {
        "n_of_results": 937,
        "sum": 1877,
        "average": 2.0032017075773747
    },
    "average_request_block_level": {
        "n_of_results": 810,
        "sum": 2814.6313187806622,
        "average": 3.4748534799761264
    },
    "blocked_subtrees_data": {
        "n_of_results": 937,
        "sum": {
            "subtrees_fully_blocked": 5557,
            "subtrees_partially_blocked": 1063,
            "subtrees_not_blocked": 52998,
            "subtrees_in_total": 59618,
            "trees_with_blocked_root_node": 1
        },
        "average": {
            "subtrees_fully_blocked": 5.930629669156883,
            "subtrees_partially_blocked": 1.1344717182497333,
            "subtrees_not_blocked": 56.56136606189968,
            "subtrees_in_total": 63.6264674493063,
            "trees_with_blocked_root_node": 0.0010672358591248667
        }
    }
}