{
    "fpd_attempts_observed": {
        "n_of_results": 937,
        "sum": {
            "BrowserProperties": 295421,
            "AlgorithmicMethods": 215559,
            "CrawlFpInspector": 6713
        },
        "average": {
            "BrowserProperties": 315.2838847385272,
            "AlgorithmicMethods": 230.05229455709713,
            "CrawlFpInspector": 7.164354322305229
        }
    },
    "fpd_attempts_blocked_directly": {
        "n_of_results": 937,
        "sum": {
            "BrowserProperties": 54871,
            "AlgorithmicMethods": 1150,
            "CrawlFpInspector": 1166
        },
        "average": {
            "BrowserProperties": 58.56029882604056,
            "AlgorithmicMethods": 1.2273212379935965,
            "CrawlFpInspector": 1.2443970117395944
        }
    },
    "fpd_attempts_blocked_transitively": {
        "n_of_results": 937,
        "sum": {
            "BrowserProperties": 107645,
            "AlgorithmicMethods": 4602,
            "CrawlFpInspector": 1512
        },
        "average": {
            "BrowserProperties": 114.88260405549626,
            "AlgorithmicMethods": 4.911419423692636,
            "CrawlFpInspector": 1.6136606189967984
        }
    },
    "fpd_attempts_blocked_in_total": {
        "n_of_results": 937,
        "sum": {
            "BrowserProperties": 162516,
            "AlgorithmicMethods": 5752,
            "CrawlFpInspector": 2678
        },
        "average": {
            "BrowserProperties": 173.4429028815368,
            "AlgorithmicMethods": 6.138740661686232,
            "CrawlFpInspector": 2.858057630736393
        }
    },
    "requests_observed": {
        "n_of_results": 937,
        "sum": 100525,
        "average": 107.28388473852722
    },
    "requests_blocked_directly": {
        "n_of_results": 937,
        "sum": 9495,
        "average": 10.133404482390608
    },
    "requests_blocked_in_total": {
        "n_of_results": 937,
        "sum": 23576,
        "average": 25.161152614727854
    },
    "requests_blocked_transitively": {
        "n_of_results": 937,
        "sum": 14081,
        "average": 15.027748132337246
    },
    "requests_blocked_that_have_child_requests": {
        "n_of_results": 937,
        "sum": 1873,
        "average": 1.9989327641408752
    },
    "average_request_block_level": {
        "n_of_results": 810,
        "sum": 2799.1477000168475,
        "average": 3.4557379012553673
    },
    "blocked_subtrees_data": {
        "n_of_results": 937,
        "sum": {
            "subtrees_fully_blocked": 5919,
            "subtrees_partially_blocked": 1021,
            "subtrees_not_blocked": 53677,
            "subtrees_in_total": 60617,
            "trees_with_blocked_root_node": 1
        },
        "average": {
            "subtrees_fully_blocked": 6.316969050160085,
            "subtrees_partially_blocked": 1.0896478121664888,
            "subtrees_not_blocked": 57.28601921024546,
            "subtrees_in_total": 64.69263607257204,
            "trees_with_blocked_root_node": 0.0010672358591248667
        }
    }
}