{
    "fpd_attempts_observed": {
        "n_of_results": 937,
        "sum": {
            "BrowserProperties": 307226,
            "AlgorithmicMethods": 216381,
            "CrawlFpInspector": 7460
        },
        "average": {
            "BrowserProperties": 327.88260405549624,
            "AlgorithmicMethods": 230.92956243329775,
            "CrawlFpInspector": 7.9615795090715045
        }
    },
    "fpd_attempts_blocked_directly": {
        "n_of_results": 937,
        "sum": {
            "BrowserProperties": 55453,
            "AlgorithmicMethods": 1183,
            "CrawlFpInspector": 1175
        },
        "average": {
            "BrowserProperties": 59.18143009605123,
            "AlgorithmicMethods": 1.262540021344717,
            "CrawlFpInspector": 1.2540021344717183
        }
    },
    "fpd_attempts_blocked_transitively": {
        "n_of_results": 937,
        "sum": {
            "BrowserProperties": 114959,
            "AlgorithmicMethods": 5179,
            "CrawlFpInspector": 1840
        },
        "average": {
            "BrowserProperties": 122.68836712913554,
            "AlgorithmicMethods": 5.527214514407684,
            "CrawlFpInspector": 1.9637139807897546
        }
    },
    "fpd_attempts_blocked_in_total": {
        "n_of_results": 937,
        "sum": {
            "BrowserProperties": 170412,
            "AlgorithmicMethods": 6362,
            "CrawlFpInspector": 3015
        },
        "average": {
            "BrowserProperties": 181.86979722518677,
            "AlgorithmicMethods": 6.789754535752401,
            "CrawlFpInspector": 3.2177161152614726
        }
    },
    "requests_observed": {
        "n_of_results": 937,
        "sum": 100753,
        "average": 107.52721451440769
    },
    "requests_blocked_directly": {
        "n_of_results": 937,
        "sum": 9513,
        "average": 10.152614727854855
    },
    "requests_blocked_in_total": {
        "n_of_results": 937,
        "sum": 23421,
        "average": 24.9957310565635
    },
    "requests_blocked_transitively": {
        "n_of_results": 937,
        "sum": 13908,
        "average": 14.843116328708645
    },
    "requests_blocked_that_have_child_requests": {
        "n_of_results": 937,
        "sum": 1872,
        "average": 1.9978655282817503
    },
    "average_request_block_level": {
        "n_of_results": 810,
        "sum": 2797.854237672021,
        "average": 3.4541410341629892
    },
    "blocked_subtrees_data": {
        "n_of_results": 937,
        "sum": {
            "subtrees_fully_blocked": 5949,
            "subtrees_partially_blocked": 1014,
            "subtrees_not_blocked": 53874,
            "subtrees_in_total": 60837,
            "trees_with_blocked_root_node": 1
        },
        "average": {
            "subtrees_fully_blocked": 6.348986125933831,
            "subtrees_partially_blocked": 1.0821771611526148,
            "subtrees_not_blocked": 57.49626467449306,
            "subtrees_in_total": 64.92742796157951,
            "trees_with_blocked_root_node": 0.0010672358591248667
        }
    }
}