{
    "fpd_attempts_observed": {
        "n_of_results": 937,
        "sum": {
            "BrowserProperties": 296536,
            "AlgorithmicMethods": 215569,
            "CrawlFpInspector": 6835
        },
        "average": {
            "BrowserProperties": 316.47385272145146,
            "AlgorithmicMethods": 230.06296691568838,
            "CrawlFpInspector": 7.294557097118463
        }
    },
    "fpd_attempts_blocked_directly": {
        "n_of_results": 937,
        "sum": {
            "BrowserProperties": 54777,
            "AlgorithmicMethods": 3150,
            "CrawlFpInspector": 1166
        },
        "average": {
            "BrowserProperties": 58.45997865528282,
            "AlgorithmicMethods": 3.3617929562433297,
            "CrawlFpInspector": 1.2443970117395944
        }
    },
    "fpd_attempts_blocked_transitively": {
        "n_of_results": 937,
        "sum": {
            "BrowserProperties": 107384,
            "AlgorithmicMethods": 6974,
            "CrawlFpInspector": 1512
        },
        "average": {
            "BrowserProperties": 114.60405549626468,
            "AlgorithmicMethods": 7.44290288153682,
            "CrawlFpInspector": 1.6136606189967984
        }
    },
    "fpd_attempts_blocked_in_total": {
        "n_of_results": 937,
        "sum": {
            "BrowserProperties": 162161,
            "AlgorithmicMethods": 10124,
            "CrawlFpInspector": 2678
        },
        "average": {
            "BrowserProperties": 173.0640341515475,
            "AlgorithmicMethods": 10.80469583778015,
            "CrawlFpInspector": 2.858057630736393
        }
    },
    "requests_observed": {
        "n_of_results": 937,
        "sum": 100825,
        "average": 107.60405549626468
    },
    "requests_blocked_directly": {
        "n_of_results": 937,
        "sum": 9542,
        "average": 10.183564567769476
    },
    "requests_blocked_in_total": {
        "n_of_results": 937,
        "sum": 23687,
        "average": 25.279615795090717
    },
    "requests_blocked_transitively": {
        "n_of_results": 937,
        "sum": 14145,
        "average": 15.096051227321238
    },
    "requests_blocked_that_have_child_requests": {
        "n_of_results": 937,
        "sum": 1877,
        "average": 2.0032017075773747
    },
    "average_request_block_level": {
        "n_of_results": 937,
        "sum": 2812.155353105472,
        "average": 3.0012330342641107
    },
    "blocked_subtrees_data": {
        "n_of_results": 937,
        "sum": {
            "subtrees_fully_blocked": 5604,
            "subtrees_partially_blocked": 1063,
            "subtrees_not_blocked": 52951,
            "subtrees_in_total": 59618,
            "trees_with_blocked_root_node": 1
        },
        "average": {
            "subtrees_fully_blocked": 5.980789754535753,
            "subtrees_partially_blocked": 1.1344717182497333,
            "subtrees_not_blocked": 56.51120597652081,
            "subtrees_in_total": 63.6264674493063,
            "trees_with_blocked_root_node": 0.0010672358591248667
        }
    }
}