{
    "fpd_attempts_observed": {
        "n_of_results": 937,
        "sum": {
            "BrowserProperties": 307226,
            "AlgorithmicMethods": 216381,
            "CrawlFpInspector": 7460
        },
        "average": {
            "BrowserProperties": 327.88260405549624,
            "AlgorithmicMethods": 230.92956243329775,
            "CrawlFpInspector": 7.9615795090715045
        }
    },
    "fpd_attempts_blocked_directly": {
        "n_of_results": 937,
        "sum": {
            "BrowserProperties": 22723,
            "AlgorithmicMethods": 621,
            "CrawlFpInspector": 640
        },
        "average": {
            "BrowserProperties": 24.250800426894344,
            "AlgorithmicMethods": 0.6627534685165422,
            "CrawlFpInspector": 0.6830309498399146
        }
    },
    "fpd_attempts_blocked_transitively": {
        "n_of_results": 937,
        "sum": {
            "BrowserProperties": 39832,
            "AlgorithmicMethods": 1597,
            "CrawlFpInspector": 468
        },
        "average": {
            "BrowserProperties": 42.51013874066169,
            "AlgorithmicMethods": 1.704375667022412,
            "CrawlFpInspector": 0.4994663820704376
        }
    },
    "fpd_attempts_blocked_in_total": {
        "n_of_results": 937,
        "sum": {
            "BrowserProperties": 62555,
            "AlgorithmicMethods": 2218,
            "CrawlFpInspector": 1108
        },
        "average": {
            "BrowserProperties": 66.76093916755603,
            "AlgorithmicMethods": 2.367129135538954,
            "CrawlFpInspector": 1.1824973319103522
        }
    },
    "requests_observed": {
        "n_of_results": 937,
        "sum": 100753,
        "average": 107.52721451440769
    },
    "requests_blocked_directly": {
        "n_of_results": 937,
        "sum": 4132,
        "average": 4.4098185699039485
    },
    "requests_blocked_in_total": {
        "n_of_results": 937,
        "sum": 10143,
        "average": 10.824973319103522
    },
    "requests_blocked_transitively": {
        "n_of_results": 937,
        "sum": 6011,
        "average": 6.415154749199573
    },
    "requests_blocked_that_have_child_requests": {
        "n_of_results": 937,
        "sum": 626,
        "average": 0.6680896478121665
    },
    "average_request_block_level": {
        "n_of_results": 451,
        "sum": 1684.5587981502251,
        "average": 3.73516363226214
    },
    "blocked_subtrees_data": {
        "n_of_results": 937,
        "sum": {
            "subtrees_fully_blocked": 1814,
            "subtrees_partially_blocked": 528,
            "subtrees_not_blocked": 58495,
            "subtrees_in_total": 60837,
            "trees_with_blocked_root_node": 0
        },
        "average": {
            "subtrees_fully_blocked": 1.935965848452508,
            "subtrees_partially_blocked": 0.5635005336179295,
            "subtrees_not_blocked": 62.42796157950907,
            "subtrees_in_total": 64.92742796157951,
            "trees_with_blocked_root_node": 0.0
        }
    }
}