{
    "fpd_attempts_observed": {
        "n_of_results": 937,
        "sum": {
            "BrowserProperties": 295421,
            "AlgorithmicMethods": 215559,
            "CrawlFpInspector": 6713
        },
        "average": {
            "BrowserProperties": 315.2838847385272,
            "AlgorithmicMethods": 230.05229455709713,
            "CrawlFpInspector": 7.164354322305229
        }
    },
    "fpd_attempts_blocked_directly": {
        "n_of_results": 937,
        "sum": {
            "BrowserProperties": 36938,
            "AlgorithmicMethods": 1100,
            "CrawlFpInspector": 664
        },
        "average": {
            "BrowserProperties": 39.42155816435432,
            "AlgorithmicMethods": 1.1739594450373532,
            "CrawlFpInspector": 0.7086446104589115
        }
    },
    "fpd_attempts_blocked_transitively": {
        "n_of_results": 937,
        "sum": {
            "BrowserProperties": 80577,
            "AlgorithmicMethods": 10401,
            "CrawlFpInspector": 1548
        },
        "average": {
            "BrowserProperties": 85.99466382070437,
            "AlgorithmicMethods": 11.100320170757737,
            "CrawlFpInspector": 1.6520811099252934
        }
    },
    "fpd_attempts_blocked_in_total": {
        "n_of_results": 937,
        "sum": {
            "BrowserProperties": 117515,
            "AlgorithmicMethods": 11501,
            "CrawlFpInspector": 2212
        },
        "average": {
            "BrowserProperties": 125.4162219850587,
            "AlgorithmicMethods": 12.274279615795091,
            "CrawlFpInspector": 2.3607257203842047
        }
    },
    "requests_observed": {
        "n_of_results": 937,
        "sum": 100825,
        "average": 107.60405549626468
    },
    "requests_blocked_directly": {
        "n_of_results": 937,
        "sum": 8488,
        "average": 9.058697972251867
    },
    "requests_blocked_in_total": {
        "n_of_results": 937,
        "sum": 23030,
        "average": 24.578441835645677
    },
    "requests_blocked_transitively": {
        "n_of_results": 937,
        "sum": 14542,
        "average": 15.51974386339381
    },
    "requests_blocked_that_have_child_requests": {
        "n_of_results": 937,
        "sum": 1702,
        "average": 1.816435432230523
    },
    "average_request_block_level": {
        "n_of_results": 753,
        "sum": 2705.9115882950437,
        "average": 3.593508085385184
    },
    "blocked_subtrees_data": {
        "n_of_results": 937,
        "sum": {
            "subtrees_fully_blocked": 6200,
            "subtrees_partially_blocked": 1061,
            "subtrees_not_blocked": 52357,
            "subtrees_in_total": 59618,
            "trees_with_blocked_root_node": 31
        },
        "average": {
            "subtrees_fully_blocked": 6.616862326574173,
            "subtrees_partially_blocked": 1.1323372465314834,
            "subtrees_not_blocked": 55.87726787620064,
            "subtrees_in_total": 63.6264674493063,
            "trees_with_blocked_root_node": 0.033084311632870865
        }
    }
}