{
    "fpd_attempts_observed": {
        "n_of_results": 937,
        "sum": {
            "BrowserProperties": 307226,
            "AlgorithmicMethods": 216381,
            "CrawlFpInspector": 7460
        },
        "average": {
            "BrowserProperties": 327.88260405549624,
            "AlgorithmicMethods": 230.92956243329775,
            "CrawlFpInspector": 7.9615795090715045
        }
    },
    "fpd_attempts_blocked_directly": {
        "n_of_results": 937,
        "sum": {
            "BrowserProperties": 64717,
            "AlgorithmicMethods": 1276,
            "CrawlFpInspector": 708
        },
        "average": {
            "BrowserProperties": 69.06830309498399,
            "AlgorithmicMethods": 1.3617929562433297,
            "CrawlFpInspector": 0.7556029882604055
        }
    },
    "fpd_attempts_blocked_transitively": {
        "n_of_results": 937,
        "sum": {
            "BrowserProperties": 136687,
            "AlgorithmicMethods": 4985,
            "CrawlFpInspector": 1332
        },
        "average": {
            "BrowserProperties": 145.87726787620065,
            "AlgorithmicMethods": 5.32017075773746,
            "CrawlFpInspector": 1.4215581643543223
        }
    },
    "fpd_attempts_blocked_in_total": {
        "n_of_results": 937,
        "sum": {
            "BrowserProperties": 201404,
            "AlgorithmicMethods": 6261,
            "CrawlFpInspector": 2040
        },
        "average": {
            "BrowserProperties": 214.94557097118462,
            "AlgorithmicMethods": 6.68196371398079,
            "CrawlFpInspector": 2.177161152614728
        }
    },
    "requests_observed": {
        "n_of_results": 937,
        "sum": 100525,
        "average": 107.28388473852722
    },
    "requests_blocked_directly": {
        "n_of_results": 937,
        "sum": 9238,
        "average": 9.859124866595518
    },
    "requests_blocked_in_total": {
        "n_of_results": 937,
        "sum": 24308,
        "average": 25.942369263607258
    },
    "requests_blocked_transitively": {
        "n_of_results": 937,
        "sum": 15070,
        "average": 16.08324439701174
    },
    "requests_blocked_that_have_child_requests": {
        "n_of_results": 937,
        "sum": 1843,
        "average": 1.966915688367129
    },
    "average_request_block_level": {
        "n_of_results": 795,
        "sum": 2622.137535143511,
        "average": 3.2982862077276867
    },
    "blocked_subtrees_data": {
        "n_of_results": 937,
        "sum": {
            "subtrees_fully_blocked": 6487,
            "subtrees_partially_blocked": 673,
            "subtrees_not_blocked": 53457,
            "subtrees_in_total": 60617,
            "trees_with_blocked_root_node": 0
        },
        "average": {
            "subtrees_fully_blocked": 6.92315901814301,
            "subtrees_partially_blocked": 0.7182497331910352,
            "subtrees_not_blocked": 57.051227321237995,
            "subtrees_in_total": 64.69263607257204,
            "trees_with_blocked_root_node": 0.0
        }
    }
}