{
    "fpd_attempts_observed": {
        "n_of_results": 937,
        "sum": {
            "BrowserProperties": 295421,
            "AlgorithmicMethods": 215559,
            "CrawlFpInspector": 6713
        },
        "average": {
            "BrowserProperties": 315.2838847385272,
            "AlgorithmicMethods": 230.05229455709713,
            "CrawlFpInspector": 7.164354322305229
        }
    },
    "fpd_attempts_blocked_directly": {
        "n_of_results": 937,
        "sum": {
            "BrowserProperties": 53944,
            "AlgorithmicMethods": 5146,
            "CrawlFpInspector": 761
        },
        "average": {
            "BrowserProperties": 57.5709711846318,
            "AlgorithmicMethods": 5.491995731056564,
            "CrawlFpInspector": 0.8121664887940235
        }
    },
    "fpd_attempts_blocked_transitively": {
        "n_of_results": 937,
        "sum": {
            "BrowserProperties": 106927,
            "AlgorithmicMethods": 2932,
            "CrawlFpInspector": 1323
        },
        "average": {
            "BrowserProperties": 114.11632870864462,
            "AlgorithmicMethods": 3.1291355389541087,
            "CrawlFpInspector": 1.4119530416221986
        }
    },
    "fpd_attempts_blocked_in_total": {
        "n_of_results": 937,
        "sum": {
            "BrowserProperties": 160871,
            "AlgorithmicMethods": 8078,
            "CrawlFpInspector": 2084
        },
        "average": {
            "BrowserProperties": 171.68729989327642,
            "AlgorithmicMethods": 8.621131270010672,
            "CrawlFpInspector": 2.224119530416222
        }
    },
    "requests_observed": {
        "n_of_results": 937,
        "sum": 100825,
        "average": 107.60405549626468
    },
    "requests_blocked_directly": {
        "n_of_results": 937,
        "sum": 9321,
        "average": 9.947705442902882
    },
    "requests_blocked_in_total": {
        "n_of_results": 937,
        "sum": 22996,
        "average": 24.542155816435432
    },
    "requests_blocked_transitively": {
        "n_of_results": 937,
        "sum": 13675,
        "average": 14.59445037353255
    },
    "requests_blocked_that_have_child_requests": {
        "n_of_results": 937,
        "sum": 1796,
        "average": 1.9167556029882604
    },
    "average_request_block_level": {
        "n_of_results": 800,
        "sum": 2761.9585784267847,
        "average": 3.452448223033481
    },
    "blocked_subtrees_data": {
        "n_of_results": 937,
        "sum": {
            "subtrees_fully_blocked": 5489,
            "subtrees_partially_blocked": 985,
            "subtrees_not_blocked": 53144,
            "subtrees_in_total": 59618,
            "trees_with_blocked_root_node": 0
        },
        "average": {
            "subtrees_fully_blocked": 5.8580576307363925,
            "subtrees_partially_blocked": 1.0512273212379937,
            "subtrees_not_blocked": 56.71718249733191,
            "subtrees_in_total": 63.6264674493063,
            "trees_with_blocked_root_node": 0.0
        }
    }
}