{
    "fpd_attempts_observed": {
        "n_of_results": 937,
        "sum": {
            "BrowserProperties": 307226,
            "AlgorithmicMethods": 216381,
            "CrawlFpInspector": 7460
        },
        "average": {
            "BrowserProperties": 327.88260405549624,
            "AlgorithmicMethods": 230.92956243329775,
            "CrawlFpInspector": 7.9615795090715045
        }
    },
    "fpd_attempts_blocked_directly": {
        "n_of_results": 937,
        "sum": {
            "BrowserProperties": 54228,
            "AlgorithmicMethods": 1184,
            "CrawlFpInspector": 764
        },
        "average": {
            "BrowserProperties": 57.874066168623266,
            "AlgorithmicMethods": 1.2636072572038421,
            "CrawlFpInspector": 0.8153681963713981
        }
    },
    "fpd_attempts_blocked_transitively": {
        "n_of_results": 937,
        "sum": {
            "BrowserProperties": 113912,
            "AlgorithmicMethods": 3058,
            "CrawlFpInspector": 1476
        },
        "average": {
            "BrowserProperties": 121.5709711846318,
            "AlgorithmicMethods": 3.263607257203842,
            "CrawlFpInspector": 1.575240128068303
        }
    },
    "fpd_attempts_blocked_in_total": {
        "n_of_results": 937,
        "sum": {
            "BrowserProperties": 168140,
            "AlgorithmicMethods": 4242,
            "CrawlFpInspector": 2240
        },
        "average": {
            "BrowserProperties": 179.44503735325506,
            "AlgorithmicMethods": 4.527214514407684,
            "CrawlFpInspector": 2.390608324439701
        }
    },
    "requests_observed": {
        "n_of_results": 937,
        "sum": 100753,
        "average": 107.52721451440769
    },
    "requests_blocked_directly": {
        "n_of_results": 937,
        "sum": 9286,
        "average": 9.910352187833512
    },
    "requests_blocked_in_total": {
        "n_of_results": 937,
        "sum": 22711,
        "average": 24.237993596584847
    },
    "requests_blocked_transitively": {
        "n_of_results": 937,
        "sum": 13425,
        "average": 14.327641408751335
    },
    "requests_blocked_that_have_child_requests": {
        "n_of_results": 937,
        "sum": 1790,
        "average": 1.9103521878335112
    },
    "average_request_block_level": {
        "n_of_results": 800,
        "sum": 2746.1523397204887,
        "average": 3.4326904246506107
    },
    "blocked_subtrees_data": {
        "n_of_results": 937,
        "sum": {
            "subtrees_fully_blocked": 5851,
            "subtrees_partially_blocked": 944,
            "subtrees_not_blocked": 54042,
            "subtrees_in_total": 60837,
            "trees_with_blocked_root_node": 0
        },
        "average": {
            "subtrees_fully_blocked": 6.244397011739594,
            "subtrees_partially_blocked": 1.007470651013874,
            "subtrees_not_blocked": 57.67556029882604,
            "subtrees_in_total": 64.92742796157951,
            "trees_with_blocked_root_node": 0.0
        }
    }
}