{
    "fpd_attempts_observed": {
        "n_of_results": 937,
        "sum": {
            "BrowserProperties": 295421,
            "AlgorithmicMethods": 215559,
            "CrawlFpInspector": 6713
        },
        "average": {
            "BrowserProperties": 315.2838847385272,
            "AlgorithmicMethods": 230.05229455709713,
            "CrawlFpInspector": 7.164354322305229
        }
    },
    "fpd_attempts_blocked_directly": {
        "n_of_results": 937,
        "sum": {
            "BrowserProperties": 53940,
            "AlgorithmicMethods": 1147,
            "CrawlFpInspector": 761
        },
        "average": {
            "BrowserProperties": 57.5667022411953,
            "AlgorithmicMethods": 1.224119530416222,
            "CrawlFpInspector": 0.8121664887940235
        }
    },
    "fpd_attempts_blocked_transitively": {
        "n_of_results": 937,
        "sum": {
            "BrowserProperties": 106887,
            "AlgorithmicMethods": 2560,
            "CrawlFpInspector": 1323
        },
        "average": {
            "BrowserProperties": 114.07363927427961,
            "AlgorithmicMethods": 2.7321237993596585,
            "CrawlFpInspector": 1.4119530416221986
        }
    },
    "fpd_attempts_blocked_in_total": {
        "n_of_results": 937,
        "sum": {
            "BrowserProperties": 160827,
            "AlgorithmicMethods": 3707,
            "CrawlFpInspector": 2084
        },
        "average": {
            "BrowserProperties": 171.64034151547492,
            "AlgorithmicMethods": 3.9562433297758806,
            "CrawlFpInspector": 2.224119530416222
        }
    },
    "requests_observed": {
        "n_of_results": 937,
        "sum": 100525,
        "average": 107.28388473852722
    },
    "requests_blocked_directly": {
        "n_of_results": 937,
        "sum": 9322,
        "average": 9.948772678762007
    },
    "requests_blocked_in_total": {
        "n_of_results": 937,
        "sum": 22935,
        "average": 24.477054429028815
    },
    "requests_blocked_transitively": {
        "n_of_results": 937,
        "sum": 13613,
        "average": 14.528281750266808
    },
    "requests_blocked_that_have_child_requests": {
        "n_of_results": 937,
        "sum": 1793,
        "average": 1.9135538954108857
    },
    "average_request_block_level": {
        "n_of_results": 800,
        "sum": 2746.4898287019273,
        "average": 3.4331122858774092
    },
    "blocked_subtrees_data": {
        "n_of_results": 937,
        "sum": {
            "subtrees_fully_blocked": 5851,
            "subtrees_partially_blocked": 944,
            "subtrees_not_blocked": 53822,
            "subtrees_in_total": 60617,
            "trees_with_blocked_root_node": 0
        },
        "average": {
            "subtrees_fully_blocked": 6.244397011739594,
            "subtrees_partially_blocked": 1.007470651013874,
            "subtrees_not_blocked": 57.44076840981857,
            "subtrees_in_total": 64.69263607257204,
            "trees_with_blocked_root_node": 0.0
        }
    }
}