{
    "fpd_attempts_observed": {
        "n_of_results": 937,
        "sum": {
            "BrowserProperties": 295421,
            "AlgorithmicMethods": 215559,
            "CrawlFpInspector": 6713
        },
        "average": {
            "BrowserProperties": 315.2838847385272,
            "AlgorithmicMethods": 230.05229455709713,
            "CrawlFpInspector": 7.164354322305229
        }
    },
    "fpd_attempts_blocked_directly": {
        "n_of_results": 937,
        "sum": {
            "BrowserProperties": 64070,
            "AlgorithmicMethods": 3238,
            "CrawlFpInspector": 705
        },
        "average": {
            "BrowserProperties": 68.3778014941302,
            "AlgorithmicMethods": 3.455709711846318,
            "CrawlFpInspector": 0.7524012806830309
        }
    },
    "fpd_attempts_blocked_transitively": {
        "n_of_results": 937,
        "sum": {
            "BrowserProperties": 128269,
            "AlgorithmicMethods": 6821,
            "CrawlFpInspector": 1179
        },
        "average": {
            "BrowserProperties": 136.89327641408752,
            "AlgorithmicMethods": 7.279615795090715,
            "CrawlFpInspector": 1.2582710779082178
        }
    },
    "fpd_attempts_blocked_in_total": {
        "n_of_results": 937,
        "sum": {
            "BrowserProperties": 192339,
            "AlgorithmicMethods": 10059,
            "CrawlFpInspector": 1884
        },
        "average": {
            "BrowserProperties": 205.2710779082177,
            "AlgorithmicMethods": 10.735325506937032,
            "CrawlFpInspector": 2.0106723585912487
        }
    },
    "requests_observed": {
        "n_of_results": 937,
        "sum": 100825,
        "average": 107.60405549626468
    },
    "requests_blocked_directly": {
        "n_of_results": 937,
        "sum": 9239,
        "average": 9.860192102454642
    },
    "requests_blocked_in_total": {
        "n_of_results": 937,
        "sum": 24373,
        "average": 26.011739594450372
    },
    "requests_blocked_transitively": {
        "n_of_results": 937,
        "sum": 15134,
        "average": 16.151547491995732
    },
    "requests_blocked_that_have_child_requests": {
        "n_of_results": 937,
        "sum": 1847,
        "average": 1.9711846318036286
    },
    "average_request_block_level": {
        "n_of_results": 795,
        "sum": 2638.14016818168,
        "average": 3.3184153058889057
    },
    "blocked_subtrees_data": {
        "n_of_results": 937,
        "sum": {
            "subtrees_fully_blocked": 6113,
            "subtrees_partially_blocked": 715,
            "subtrees_not_blocked": 52790,
            "subtrees_in_total": 59618,
            "trees_with_blocked_root_node": 0
        },
        "average": {
            "subtrees_fully_blocked": 6.524012806830309,
            "subtrees_partially_blocked": 0.7630736392742796,
            "subtrees_not_blocked": 56.33938100320171,
            "subtrees_in_total": 63.6264674493063,
            "trees_with_blocked_root_node": 0.0
        }
    }
}