{
    "fpd_attempts_observed": {
        "n_of_results": 937,
        "sum": {
            "BrowserProperties": 307226,
            "AlgorithmicMethods": 216381,
            "CrawlFpInspector": 7460
        },
        "average": {
            "BrowserProperties": 327.88260405549624,
            "AlgorithmicMethods": 230.92956243329775,
            "CrawlFpInspector": 7.9615795090715045
        }
    },
    "fpd_attempts_blocked_directly": {
        "n_of_results": 937,
        "sum": {
            "BrowserProperties": 64972,
            "AlgorithmicMethods": 1276,
            "CrawlFpInspector": 707
        },
        "average": {
            "BrowserProperties": 69.34044823906083,
            "AlgorithmicMethods": 1.3617929562433297,
            "CrawlFpInspector": 0.7545357524012807
        }
    },
    "fpd_attempts_blocked_transitively": {
        "n_of_results": 937,
        "sum": {
            "BrowserProperties": 136691,
            "AlgorithmicMethods": 4985,
            "CrawlFpInspector": 1332
        },
        "average": {
            "BrowserProperties": 145.88153681963715,
            "AlgorithmicMethods": 5.32017075773746,
            "CrawlFpInspector": 1.4215581643543223
        }
    },
    "fpd_attempts_blocked_in_total": {
        "n_of_results": 937,
        "sum": {
            "BrowserProperties": 201663,
            "AlgorithmicMethods": 6261,
            "CrawlFpInspector": 2039
        },
        "average": {
            "BrowserProperties": 215.22198505869798,
            "AlgorithmicMethods": 6.68196371398079,
            "CrawlFpInspector": 2.176093916755603
        }
    },
    "requests_observed": {
        "n_of_results": 937,
        "sum": 100525,
        "average": 107.28388473852722
    },
    "requests_blocked_directly": {
        "n_of_results": 937,
        "sum": 9198,
        "average": 9.816435432230524
    },
    "requests_blocked_in_total": {
        "n_of_results": 937,
        "sum": 24283,
        "average": 25.915688367129135
    },
    "requests_blocked_transitively": {
        "n_of_results": 937,
        "sum": 15085,
        "average": 16.09925293489861
    },
    "requests_blocked_that_have_child_requests": {
        "n_of_results": 937,
        "sum": 1853,
        "average": 1.9775880469583778
    },
    "average_request_block_level": {
        "n_of_results": 795,
        "sum": 2624.3768179717754,
        "average": 3.3011029156877676
    },
    "blocked_subtrees_data": {
        "n_of_results": 937,
        "sum": {
            "subtrees_fully_blocked": 6450,
            "subtrees_partially_blocked": 671,
            "subtrees_not_blocked": 53496,
            "subtrees_in_total": 60617,
            "trees_with_blocked_root_node": 0
        },
        "average": {
            "subtrees_fully_blocked": 6.883671291355389,
            "subtrees_partially_blocked": 0.7161152614727855,
            "subtrees_not_blocked": 57.092849519743865,
            "subtrees_in_total": 64.69263607257204,
            "trees_with_blocked_root_node": 0.0
        }
    }
}