{
    "fpd_attempts_observed": {
        "n_of_results": 937,
        "sum": {
            "BrowserProperties": 295421,
            "AlgorithmicMethods": 215559,
            "CrawlFpInspector": 6713
        },
        "average": {
            "BrowserProperties": 315.2838847385272,
            "AlgorithmicMethods": 230.05229455709713,
            "CrawlFpInspector": 7.164354322305229
        }
    },
    "fpd_attempts_blocked_directly": {
        "n_of_results": 937,
        "sum": {
            "BrowserProperties": 64490,
            "AlgorithmicMethods": 1235,
            "CrawlFpInspector": 708
        },
        "average": {
            "BrowserProperties": 68.82604055496265,
            "AlgorithmicMethods": 1.3180362860192103,
            "CrawlFpInspector": 0.7556029882604055
        }
    },
    "fpd_attempts_blocked_transitively": {
        "n_of_results": 937,
        "sum": {
            "BrowserProperties": 131021,
            "AlgorithmicMethods": 4474,
            "CrawlFpInspector": 1337
        },
        "average": {
            "BrowserProperties": 139.83030949839915,
            "AlgorithmicMethods": 4.774813233724653,
            "CrawlFpInspector": 1.4268943436499466
        }
    },
    "fpd_attempts_blocked_in_total": {
        "n_of_results": 937,
        "sum": {
            "BrowserProperties": 195511,
            "AlgorithmicMethods": 5709,
            "CrawlFpInspector": 2045
        },
        "average": {
            "BrowserProperties": 208.6563500533618,
            "AlgorithmicMethods": 6.092849519743863,
            "CrawlFpInspector": 2.1824973319103522
        }
    },
    "requests_observed": {
        "n_of_results": 937,
        "sum": 100525,
        "average": 107.28388473852722
    },
    "requests_blocked_directly": {
        "n_of_results": 937,
        "sum": 9174,
        "average": 9.790821771611526
    },
    "requests_blocked_in_total": {
        "n_of_results": 937,
        "sum": 24763,
        "average": 26.42796157950907
    },
    "requests_blocked_transitively": {
        "n_of_results": 937,
        "sum": 15589,
        "average": 16.637139807897544
    },
    "requests_blocked_that_have_child_requests": {
        "n_of_results": 937,
        "sum": 1970,
        "average": 2.1024546424759873
    },
    "average_request_block_level": {
        "n_of_results": 800,
        "sum": 2624.1073733217995,
        "average": 3.2801342166522494
    },
    "blocked_subtrees_data": {
        "n_of_results": 937,
        "sum": {
            "subtrees_fully_blocked": 6490,
            "subtrees_partially_blocked": 636,
            "subtrees_not_blocked": 53491,
            "subtrees_in_total": 60617,
            "trees_with_blocked_root_node": 0
        },
        "average": {
            "subtrees_fully_blocked": 6.926360725720384,
            "subtrees_partially_blocked": 0.6787620064034151,
            "subtrees_not_blocked": 57.08751334044824,
            "subtrees_in_total": 64.69263607257204,
            "trees_with_blocked_root_node": 0.0
        }
    }
}