{
    "fpd_attempts_observed": {
        "n_of_results": 937,
        "sum": {
            "BrowserProperties": 295421,
            "AlgorithmicMethods": 215559,
            "CrawlFpInspector": 6713
        },
        "average": {
            "BrowserProperties": 315.2838847385272,
            "AlgorithmicMethods": 230.05229455709713,
            "CrawlFpInspector": 7.164354322305229
        }
    },
    "fpd_attempts_blocked_directly": {
        "n_of_results": 937,
        "sum": {
            "BrowserProperties": 64490,
            "AlgorithmicMethods": 3235,
            "CrawlFpInspector": 708
        },
        "average": {
            "BrowserProperties": 68.82604055496265,
            "AlgorithmicMethods": 3.4525080042689433,
            "CrawlFpInspector": 0.7556029882604055
        }
    },
    "fpd_attempts_blocked_transitively": {
        "n_of_results": 937,
        "sum": {
            "BrowserProperties": 131065,
            "AlgorithmicMethods": 6845,
            "CrawlFpInspector": 1337
        },
        "average": {
            "BrowserProperties": 139.87726787620065,
            "AlgorithmicMethods": 7.3052294557097115,
            "CrawlFpInspector": 1.4268943436499466
        }
    },
    "fpd_attempts_blocked_in_total": {
        "n_of_results": 937,
        "sum": {
            "BrowserProperties": 195555,
            "AlgorithmicMethods": 10080,
            "CrawlFpInspector": 2045
        },
        "average": {
            "BrowserProperties": 208.7033084311633,
            "AlgorithmicMethods": 10.757737459978655,
            "CrawlFpInspector": 2.1824973319103522
        }
    },
    "requests_observed": {
        "n_of_results": 937,
        "sum": 100825,
        "average": 107.60405549626468
    },
    "requests_blocked_directly": {
        "n_of_results": 937,
        "sum": 9174,
        "average": 9.790821771611526
    },
    "requests_blocked_in_total": {
        "n_of_results": 937,
        "sum": 24826,
        "average": 26.495197438633937
    },
    "requests_blocked_transitively": {
        "n_of_results": 937,
        "sum": 15652,
        "average": 16.70437566702241
    },
    "requests_blocked_that_have_child_requests": {
        "n_of_results": 937,
        "sum": 1973,
        "average": 2.1056563500533616
    },
    "average_request_block_level": {
        "n_of_results": 800,
        "sum": 2640.168965563567,
        "average": 3.3002112069544585
    },
    "blocked_subtrees_data": {
        "n_of_results": 937,
        "sum": {
            "subtrees_fully_blocked": 6115,
            "subtrees_partially_blocked": 678,
            "subtrees_not_blocked": 52825,
            "subtrees_in_total": 59618,
            "trees_with_blocked_root_node": 0
        },
        "average": {
            "subtrees_fully_blocked": 6.526147278548559,
            "subtrees_partially_blocked": 0.7235859124866596,
            "subtrees_not_blocked": 56.37673425827108,
            "subtrees_in_total": 63.6264674493063,
            "trees_with_blocked_root_node": 0.0
        }
    }
}