{
    "fpd_attempts_observed": {
        "n_of_results": 937,
        "sum": {
            "BrowserProperties": 307226,
            "AlgorithmicMethods": 216381,
            "CrawlFpInspector": 7460
        },
        "average": {
            "BrowserProperties": 327.88260405549624,
            "AlgorithmicMethods": 230.92956243329775,
            "CrawlFpInspector": 7.9615795090715045
        }
    },
    "fpd_attempts_blocked_directly": {
        "n_of_results": 937,
        "sum": {
            "BrowserProperties": 37499,
            "AlgorithmicMethods": 1498,
            "CrawlFpInspector": 666
        },
        "average": {
            "BrowserProperties": 40.020277481323376,
            "AlgorithmicMethods": 1.5987193169690501,
            "CrawlFpInspector": 0.7107790821771611
        }
    },
    "fpd_attempts_blocked_transitively": {
        "n_of_results": 937,
        "sum": {
            "BrowserProperties": 88487,
            "AlgorithmicMethods": 10649,
            "CrawlFpInspector": 1844
        },
        "average": {
            "BrowserProperties": 94.43649946638207,
            "AlgorithmicMethods": 11.364994663820704,
            "CrawlFpInspector": 1.967982924226254
        }
    },
    "fpd_attempts_blocked_in_total": {
        "n_of_results": 937,
        "sum": {
            "BrowserProperties": 125986,
            "AlgorithmicMethods": 12147,
            "CrawlFpInspector": 2510
        },
        "average": {
            "BrowserProperties": 134.45677694770544,
            "AlgorithmicMethods": 12.963713980789754,
            "CrawlFpInspector": 2.678762006403415
        }
    },
    "requests_observed": {
        "n_of_results": 937,
        "sum": 100525,
        "average": 107.28388473852722
    },
    "requests_blocked_directly": {
        "n_of_results": 937,
        "sum": 8491,
        "average": 9.061899679829242
    },
    "requests_blocked_in_total": {
        "n_of_results": 937,
        "sum": 23000,
        "average": 24.546424759871933
    },
    "requests_blocked_transitively": {
        "n_of_results": 937,
        "sum": 14509,
        "average": 15.484525080042689
    },
    "requests_blocked_that_have_child_requests": {
        "n_of_results": 937,
        "sum": 1698,
        "average": 1.8121664887940234
    },
    "average_request_block_level": {
        "n_of_results": 754,
        "sum": 2697.4291046729954,
        "average": 3.5774921812639198
    },
    "blocked_subtrees_data": {
        "n_of_results": 937,
        "sum": {
            "subtrees_fully_blocked": 6723,
            "subtrees_partially_blocked": 1028,
            "subtrees_not_blocked": 52866,
            "subtrees_in_total": 60617,
            "trees_with_blocked_root_node": 31
        },
        "average": {
            "subtrees_fully_blocked": 7.175026680896478,
            "subtrees_partially_blocked": 1.0971184631803628,
            "subtrees_not_blocked": 56.4204909284952,
            "subtrees_in_total": 64.69263607257204,
            "trees_with_blocked_root_node": 0.033084311632870865
        }
    }
}