{
    "fpd_attempts_observed": {
        "n_of_results": 937,
        "sum": {
            "BrowserProperties": 295421,
            "AlgorithmicMethods": 215559,
            "CrawlFpInspector": 6713
        },
        "average": {
            "BrowserProperties": 315.2838847385272,
            "AlgorithmicMethods": 230.05229455709713,
            "CrawlFpInspector": 7.164354322305229
        }
    },
    "fpd_attempts_blocked_directly": {
        "n_of_results": 937,
        "sum": {
            "BrowserProperties": 64185,
            "AlgorithmicMethods": 1238,
            "CrawlFpInspector": 704
        },
        "average": {
            "BrowserProperties": 68.50053361792956,
            "AlgorithmicMethods": 1.3212379935965848,
            "CrawlFpInspector": 0.7513340448239061
        }
    },
    "fpd_attempts_blocked_transitively": {
        "n_of_results": 937,
        "sum": {
            "BrowserProperties": 128221,
            "AlgorithmicMethods": 4449,
            "CrawlFpInspector": 1179
        },
        "average": {
            "BrowserProperties": 136.84204909284952,
            "AlgorithmicMethods": 4.748132337246531,
            "CrawlFpInspector": 1.2582710779082178
        }
    },
    "fpd_attempts_blocked_in_total": {
        "n_of_results": 937,
        "sum": {
            "BrowserProperties": 192406,
            "AlgorithmicMethods": 5687,
            "CrawlFpInspector": 1883
        },
        "average": {
            "BrowserProperties": 205.34258271077908,
            "AlgorithmicMethods": 6.069370330843117,
            "CrawlFpInspector": 2.0096051227321237
        }
    },
    "requests_observed": {
        "n_of_results": 937,
        "sum": 100525,
        "average": 107.28388473852722
    },
    "requests_blocked_directly": {
        "n_of_results": 937,
        "sum": 9241,
        "average": 9.862326574172892
    },
    "requests_blocked_in_total": {
        "n_of_results": 937,
        "sum": 24319,
        "average": 25.95410885805763
    },
    "requests_blocked_transitively": {
        "n_of_results": 937,
        "sum": 15078,
        "average": 16.09178228388474
    },
    "requests_blocked_that_have_child_requests": {
        "n_of_results": 937,
        "sum": 1851,
        "average": 1.975453575240128
    },
    "average_request_block_level": {
        "n_of_results": 795,
        "sum": 2621.8733572331676,
        "average": 3.297953908469393
    },
    "blocked_subtrees_data": {
        "n_of_results": 937,
        "sum": {
            "subtrees_fully_blocked": 6495,
            "subtrees_partially_blocked": 671,
            "subtrees_not_blocked": 53451,
            "subtrees_in_total": 60617,
            "trees_with_blocked_root_node": 0
        },
        "average": {
            "subtrees_fully_blocked": 6.931696905016008,
            "subtrees_partially_blocked": 0.7161152614727855,
            "subtrees_not_blocked": 57.044823906083245,
            "subtrees_in_total": 64.69263607257204,
            "trees_with_blocked_root_node": 0.0
        }
    }
}