{
    "fpd_attempts_observed": {
        "n_of_results": 937,
        "sum": {
            "BrowserProperties": 296536,
            "AlgorithmicMethods": 215569,
            "CrawlFpInspector": 6835
        },
        "average": {
            "BrowserProperties": 316.47385272145146,
            "AlgorithmicMethods": 230.06296691568838,
            "CrawlFpInspector": 7.294557097118463
        }
    },
    "fpd_attempts_blocked_directly": {
        "n_of_results": 937,
        "sum": {
            "BrowserProperties": 64083,
            "AlgorithmicMethods": 3238,
            "CrawlFpInspector": 704
        },
        "average": {
            "BrowserProperties": 68.39167556029882,
            "AlgorithmicMethods": 3.455709711846318,
            "CrawlFpInspector": 0.7513340448239061
        }
    },
    "fpd_attempts_blocked_transitively": {
        "n_of_results": 937,
        "sum": {
            "BrowserProperties": 127960,
            "AlgorithmicMethods": 6821,
            "CrawlFpInspector": 1179
        },
        "average": {
            "BrowserProperties": 136.56350053361794,
            "AlgorithmicMethods": 7.279615795090715,
            "CrawlFpInspector": 1.2582710779082178
        }
    },
    "fpd_attempts_blocked_in_total": {
        "n_of_results": 937,
        "sum": {
            "BrowserProperties": 192043,
            "AlgorithmicMethods": 10059,
            "CrawlFpInspector": 1883
        },
        "average": {
            "BrowserProperties": 204.95517609391675,
            "AlgorithmicMethods": 10.735325506937032,
            "CrawlFpInspector": 2.0096051227321237
        }
    },
    "requests_observed": {
        "n_of_results": 937,
        "sum": 100825,
        "average": 107.60405549626468
    },
    "requests_blocked_directly": {
        "n_of_results": 937,
        "sum": 9242,
        "average": 9.863393810032017
    },
    "requests_blocked_in_total": {
        "n_of_results": 937,
        "sum": 24384,
        "average": 26.023479188900748
    },
    "requests_blocked_transitively": {
        "n_of_results": 937,
        "sum": 15142,
        "average": 16.16008537886873
    },
    "requests_blocked_that_have_child_requests": {
        "n_of_results": 937,
        "sum": 1855,
        "average": 1.9797225186766276
    },
    "average_request_block_level": {
        "n_of_results": 795,
        "sum": 2637.903666099679,
        "average": 3.318117818993307
    },
    "blocked_subtrees_data": {
        "n_of_results": 937,
        "sum": {
            "subtrees_fully_blocked": 6121,
            "subtrees_partially_blocked": 713,
            "subtrees_not_blocked": 52784,
            "subtrees_in_total": 59618,
            "trees_with_blocked_root_node": 0
        },
        "average": {
            "subtrees_fully_blocked": 6.532550693703309,
            "subtrees_partially_blocked": 0.7609391675560299,
            "subtrees_not_blocked": 56.33297758804696,
            "subtrees_in_total": 63.6264674493063,
            "trees_with_blocked_root_node": 0.0
        }
    }
}