{
    "fpd_attempts_observed": {
        "n_of_results": 937,
        "sum": {
            "BrowserProperties": 307226,
            "AlgorithmicMethods": 216381,
            "CrawlFpInspector": 7460
        },
        "average": {
            "BrowserProperties": 327.88260405549624,
            "AlgorithmicMethods": 230.92956243329775,
            "CrawlFpInspector": 7.9615795090715045
        }
    },
    "fpd_attempts_blocked_directly": {
        "n_of_results": 937,
        "sum": {
            "BrowserProperties": 64972,
            "AlgorithmicMethods": 1276,
            "CrawlFpInspector": 707
        },
        "average": {
            "BrowserProperties": 69.34044823906083,
            "AlgorithmicMethods": 1.3617929562433297,
            "CrawlFpInspector": 0.7545357524012807
        }
    },
    "fpd_attempts_blocked_transitively": {
        "n_of_results": 937,
        "sum": {
            "BrowserProperties": 136691,
            "AlgorithmicMethods": 4985,
            "CrawlFpInspector": 1332
        },
        "average": {
            "BrowserProperties": 145.88153681963715,
            "AlgorithmicMethods": 5.32017075773746,
            "CrawlFpInspector": 1.4215581643543223
        }
    },
    "fpd_attempts_blocked_in_total": {
        "n_of_results": 937,
        "sum": {
            "BrowserProperties": 201663,
            "AlgorithmicMethods": 6261,
            "CrawlFpInspector": 2039
        },
        "average": {
            "BrowserProperties": 215.22198505869798,
            "AlgorithmicMethods": 6.68196371398079,
            "CrawlFpInspector": 2.176093916755603
        }
    },
    "requests_observed": {
        "n_of_results": 937,
        "sum": 100753,
        "average": 107.52721451440769
    },
    "requests_blocked_directly": {
        "n_of_results": 937,
        "sum": 9202,
        "average": 9.820704375667022
    },
    "requests_blocked_in_total": {
        "n_of_results": 937,
        "sum": 24287,
        "average": 25.919957310565636
    },
    "requests_blocked_transitively": {
        "n_of_results": 937,
        "sum": 15085,
        "average": 16.09925293489861
    },
    "requests_blocked_that_have_child_requests": {
        "n_of_results": 937,
        "sum": 1853,
        "average": 1.9775880469583778
    },
    "average_request_block_level": {
        "n_of_results": 795,
        "sum": 2624.1944179345364,
        "average": 3.300873481678662
    },
    "blocked_subtrees_data": {
        "n_of_results": 937,
        "sum": {
            "subtrees_fully_blocked": 6454,
            "subtrees_partially_blocked": 671,
            "subtrees_not_blocked": 53712,
            "subtrees_in_total": 60837,
            "trees_with_blocked_root_node": 0
        },
        "average": {
            "subtrees_fully_blocked": 6.887940234791889,
            "subtrees_partially_blocked": 0.7161152614727855,
            "subtrees_not_blocked": 57.32337246531483,
            "subtrees_in_total": 64.92742796157951,
            "trees_with_blocked_root_node": 0.0
        }
    }
}