{
    "fpd_attempts_observed": {
        "n_of_results": 937,
        "sum": {
            "BrowserProperties": 295421,
            "AlgorithmicMethods": 215559,
            "CrawlFpInspector": 6713
        },
        "average": {
            "BrowserProperties": 315.2838847385272,
            "AlgorithmicMethods": 230.05229455709713,
            "CrawlFpInspector": 7.164354322305229
        }
    },
    "fpd_attempts_blocked_directly": {
        "n_of_results": 937,
        "sum": {
            "BrowserProperties": 22644,
            "AlgorithmicMethods": 602,
            "CrawlFpInspector": 640
        },
        "average": {
            "BrowserProperties": 24.16648879402348,
            "AlgorithmicMethods": 0.6424759871931697,
            "CrawlFpInspector": 0.6830309498399146
        }
    },
    "fpd_attempts_blocked_transitively": {
        "n_of_results": 937,
        "sum": {
            "BrowserProperties": 35452,
            "AlgorithmicMethods": 1272,
            "CrawlFpInspector": 328
        },
        "average": {
            "BrowserProperties": 37.83564567769477,
            "AlgorithmicMethods": 1.3575240128068302,
            "CrawlFpInspector": 0.35005336179295626
        }
    },
    "fpd_attempts_blocked_in_total": {
        "n_of_results": 937,
        "sum": {
            "BrowserProperties": 58096,
            "AlgorithmicMethods": 1874,
            "CrawlFpInspector": 968
        },
        "average": {
            "BrowserProperties": 62.00213447171825,
            "AlgorithmicMethods": 2.0,
            "CrawlFpInspector": 1.033084311632871
        }
    },
    "requests_observed": {
        "n_of_results": 937,
        "sum": 100825,
        "average": 107.60405549626468
    },
    "requests_blocked_directly": {
        "n_of_results": 937,
        "sum": 4223,
        "average": 4.506937033084312
    },
    "requests_blocked_in_total": {
        "n_of_results": 937,
        "sum": 10437,
        "average": 11.138740661686233
    },
    "requests_blocked_transitively": {
        "n_of_results": 937,
        "sum": 6214,
        "average": 6.631803628601921
    },
    "requests_blocked_that_have_child_requests": {
        "n_of_results": 937,
        "sum": 633,
        "average": 0.6755602988260405
    },
    "average_request_block_level": {
        "n_of_results": 456,
        "sum": 1704.67084716651,
        "average": 3.738313261330066
    },
    "blocked_subtrees_data": {
        "n_of_results": 937,
        "sum": {
            "subtrees_fully_blocked": 1671,
            "subtrees_partially_blocked": 546,
            "subtrees_not_blocked": 57401,
            "subtrees_in_total": 59618,
            "trees_with_blocked_root_node": 0
        },
        "average": {
            "subtrees_fully_blocked": 1.783351120597652,
            "subtrees_partially_blocked": 0.5827107790821772,
            "subtrees_not_blocked": 61.26040554962647,
            "subtrees_in_total": 63.6264674493063,
            "trees_with_blocked_root_node": 0.0
        }
    }
}