{
    "fpd_attempts_observed": {
        "n_of_results": 937,
        "sum": {
            "BrowserProperties": 307226,
            "AlgorithmicMethods": 216381,
            "CrawlFpInspector": 7460
        },
        "average": {
            "BrowserProperties": 327.88260405549624,
            "AlgorithmicMethods": 230.92956243329775,
            "CrawlFpInspector": 7.9615795090715045
        }
    },
    "fpd_attempts_blocked_directly": {
        "n_of_results": 937,
        "sum": {
            "BrowserProperties": 65235,
            "AlgorithmicMethods": 1273,
            "CrawlFpInspector": 711
        },
        "average": {
            "BrowserProperties": 69.62113127001068,
            "AlgorithmicMethods": 1.3585912486659553,
            "CrawlFpInspector": 0.7588046958377801
        }
    },
    "fpd_attempts_blocked_transitively": {
        "n_of_results": 937,
        "sum": {
            "BrowserProperties": 139537,
            "AlgorithmicMethods": 5010,
            "CrawlFpInspector": 1490
        },
        "average": {
            "BrowserProperties": 148.9188900747065,
            "AlgorithmicMethods": 5.346851654215581,
            "CrawlFpInspector": 1.5901814300960513
        }
    },
    "fpd_attempts_blocked_in_total": {
        "n_of_results": 937,
        "sum": {
            "BrowserProperties": 204772,
            "AlgorithmicMethods": 6283,
            "CrawlFpInspector": 2201
        },
        "average": {
            "BrowserProperties": 218.5400213447172,
            "AlgorithmicMethods": 6.705442902881537,
            "CrawlFpInspector": 2.3489861259338314
        }
    },
    "requests_observed": {
        "n_of_results": 937,
        "sum": 100525,
        "average": 107.28388473852722
    },
    "requests_blocked_directly": {
        "n_of_results": 937,
        "sum": 9129,
        "average": 9.742796157950908
    },
    "requests_blocked_in_total": {
        "n_of_results": 937,
        "sum": 24725,
        "average": 26.387406616862325
    },
    "requests_blocked_transitively": {
        "n_of_results": 937,
        "sum": 15596,
        "average": 16.64461045891142
    },
    "requests_blocked_that_have_child_requests": {
        "n_of_results": 937,
        "sum": 1972,
        "average": 2.104589114194237
    },
    "average_request_block_level": {
        "n_of_results": 800,
        "sum": 2626.4339012709747,
        "average": 3.2830423765887184
    },
    "blocked_subtrees_data": {
        "n_of_results": 937,
        "sum": {
            "subtrees_fully_blocked": 6443,
            "subtrees_partially_blocked": 636,
            "subtrees_not_blocked": 53538,
            "subtrees_in_total": 60617,
            "trees_with_blocked_root_node": 0
        },
        "average": {
            "subtrees_fully_blocked": 6.876200640341516,
            "subtrees_partially_blocked": 0.6787620064034151,
            "subtrees_not_blocked": 57.13767342582711,
            "subtrees_in_total": 64.69263607257204,
            "trees_with_blocked_root_node": 0.0
        }
    }
}