{
    "fpd_attempts_observed": {
        "n_of_results": 937,
        "sum": {
            "BrowserProperties": 296536,
            "AlgorithmicMethods": 215569,
            "CrawlFpInspector": 6835
        },
        "average": {
            "BrowserProperties": 316.47385272145146,
            "AlgorithmicMethods": 230.06296691568838,
            "CrawlFpInspector": 7.294557097118463
        }
    },
    "fpd_attempts_blocked_directly": {
        "n_of_results": 937,
        "sum": {
            "BrowserProperties": 36843,
            "AlgorithmicMethods": 1100,
            "CrawlFpInspector": 664
        },
        "average": {
            "BrowserProperties": 39.32017075773746,
            "AlgorithmicMethods": 1.1739594450373532,
            "CrawlFpInspector": 0.7086446104589115
        }
    },
    "fpd_attempts_blocked_transitively": {
        "n_of_results": 937,
        "sum": {
            "BrowserProperties": 80364,
            "AlgorithmicMethods": 10401,
            "CrawlFpInspector": 1548
        },
        "average": {
            "BrowserProperties": 85.76734258271078,
            "AlgorithmicMethods": 11.100320170757737,
            "CrawlFpInspector": 1.6520811099252934
        }
    },
    "fpd_attempts_blocked_in_total": {
        "n_of_results": 937,
        "sum": {
            "BrowserProperties": 117207,
            "AlgorithmicMethods": 11501,
            "CrawlFpInspector": 2212
        },
        "average": {
            "BrowserProperties": 125.08751334044824,
            "AlgorithmicMethods": 12.274279615795091,
            "CrawlFpInspector": 2.3607257203842047
        }
    },
    "requests_observed": {
        "n_of_results": 937,
        "sum": 100825,
        "average": 107.60405549626468
    },
    "requests_blocked_directly": {
        "n_of_results": 937,
        "sum": 8503,
        "average": 9.074706510138741
    },
    "requests_blocked_in_total": {
        "n_of_results": 937,
        "sum": 23046,
        "average": 24.595517609391674
    },
    "requests_blocked_transitively": {
        "n_of_results": 937,
        "sum": 14543,
        "average": 15.520811099252935
    },
    "requests_blocked_that_have_child_requests": {
        "n_of_results": 937,
        "sum": 1703,
        "average": 1.8175026680896478
    },
    "average_request_block_level": {
        "n_of_results": 937,
        "sum": 2708.3702377083,
        "average": 2.890469837468837
    },
    "blocked_subtrees_data": {
        "n_of_results": 937,
        "sum": {
            "subtrees_fully_blocked": 6206,
            "subtrees_partially_blocked": 1062,
            "subtrees_not_blocked": 52350,
            "subtrees_in_total": 59618,
            "trees_with_blocked_root_node": 31
        },
        "average": {
            "subtrees_fully_blocked": 6.623265741728922,
            "subtrees_partially_blocked": 1.1334044823906084,
            "subtrees_not_blocked": 55.869797225186765,
            "subtrees_in_total": 63.6264674493063,
            "trees_with_blocked_root_node": 0.033084311632870865
        }
    }
}