{
    "total_fpd_attempts": {
        "n_of_results": 904,
        "sum": {
            "BrowserProperties": 309821,
            "AlgorithmicMethods": 178460,
            "CrawlFpInspector": 8475
        },
        "average": {
            "BrowserProperties": 342.7223451327434,
            "AlgorithmicMethods": 197.41150442477877,
            "CrawlFpInspector": 9.375
        }
    },
    "direct_fpd_blocked": {
        "n_of_results": 904,
        "sum": {
            "BrowserProperties": 15994,
            "AlgorithmicMethods": 778,
            "CrawlFpInspector": 690
        },
        "average": {
            "BrowserProperties": 17.692477876106196,
            "AlgorithmicMethods": 0.8606194690265486,
            "CrawlFpInspector": 0.7632743362831859
        }
    },
    "total_fpd_blocked": {
        "n_of_results": 904,
        "sum": {
            "BrowserProperties": 42582,
            "AlgorithmicMethods": 2046,
            "CrawlFpInspector": 1114
        },
        "average": {
            "BrowserProperties": 47.10398230088496,
            "AlgorithmicMethods": 2.2632743362831858,
            "CrawlFpInspector": 1.2323008849557522
        }
    },
    "transitive_fpd_blocked": {
        "n_of_results": 904,
        "sum": {
            "BrowserProperties": 26588,
            "AlgorithmicMethods": 1268,
            "CrawlFpInspector": 424
        },
        "average": {
            "BrowserProperties": 29.411504424778762,
            "AlgorithmicMethods": 1.4026548672566372,
            "CrawlFpInspector": 0.4690265486725664
        }
    },
    "directly_blocked": {
        "n_of_results": 904,
        "sum": 4111,
        "average": 4.547566371681416
    },
    "total_requested": {
        "n_of_results": 904,
        "sum": 102528,
        "average": 113.41592920353982
    },
    "total_blocked": {
        "n_of_results": 904,
        "sum": 8020,
        "average": 8.871681415929203
    },
    "blocked_transitively": {
        "n_of_results": 904,
        "sum": 3909,
        "average": 4.324115044247788
    },
    "blocked_with_children": {
        "n_of_results": 904,
        "sum": 522,
        "average": 0.577433628318584
    },
    "average_block_level": {
        "n_of_results": 904,
        "sum": 2200.1137823895265,
        "average": 2.4337541840592105
    },
    "blocked_subtrees_data": {
        "n_of_results": 904,
        "sum": {
            "fully_blocked": 1807,
            "partially_blocked": 679,
            "not_blocked": 59628,
            "total_trees": 62114,
            "root_blocks": 0
        },
        "average": {
            "fully_blocked": 1.9988938053097345,
            "partially_blocked": 0.7511061946902655,
            "not_blocked": 65.96017699115045,
            "total_trees": 68.71017699115045,
            "root_blocks": 0.0
        }
    }
}