{
    "fpd_attempts_observed": {
        "n_of_results": 937,
        "sum": {
            "BrowserProperties": 307915,
            "AlgorithmicMethods": 216405,
            "CrawlFpInspector": 7582
        },
        "average": {
            "BrowserProperties": 328.6179295624333,
            "AlgorithmicMethods": 230.95517609391675,
            "CrawlFpInspector": 8.091782283884738
        }
    },
    "fpd_attempts_blocked_directly": {
        "n_of_results": 937,
        "sum": {
            "BrowserProperties": 29542,
            "AlgorithmicMethods": 899,
            "CrawlFpInspector": 637
        },
        "average": {
            "BrowserProperties": 31.52828175026681,
            "AlgorithmicMethods": 0.959445037353255,
            "CrawlFpInspector": 0.67982924226254
        }
    },
    "fpd_attempts_blocked_transitively": {
        "n_of_results": 937,
        "sum": {
            "BrowserProperties": 50276,
            "AlgorithmicMethods": 2003,
            "CrawlFpInspector": 812
        },
        "average": {
            "BrowserProperties": 53.65635005336179,
            "AlgorithmicMethods": 2.1376734258271077,
            "CrawlFpInspector": 0.8665955176093917
        }
    },
    "fpd_attempts_blocked_in_total": {
        "n_of_results": 937,
        "sum": {
            "BrowserProperties": 79818,
            "AlgorithmicMethods": 2902,
            "CrawlFpInspector": 1449
        },
        "average": {
            "BrowserProperties": 85.1846318036286,
            "AlgorithmicMethods": 3.097118463180363,
            "CrawlFpInspector": 1.5464247598719316
        }
    },
    "requests_observed": {
        "n_of_results": 937,
        "sum": 100825,
        "average": 107.60405549626468
    },
    "requests_blocked_directly": {
        "n_of_results": 937,
        "sum": 4836,
        "average": 5.161152614727855
    },
    "requests_blocked_in_total": {
        "n_of_results": 937,
        "sum": 13282,
        "average": 14.175026680896478
    },
    "requests_blocked_transitively": {
        "n_of_results": 937,
        "sum": 8446,
        "average": 9.013874066168624
    },
    "requests_blocked_that_have_child_requests": {
        "n_of_results": 937,
        "sum": 756,
        "average": 0.8068303094983992
    },
    "average_request_block_level": {
        "n_of_results": 937,
        "sum": 2183.820460088021,
        "average": 2.3306515048965
    },
    "blocked_subtrees_data": {
        "n_of_results": 937,
        "sum": {
            "subtrees_fully_blocked": 2540,
            "subtrees_partially_blocked": 684,
            "subtrees_not_blocked": 56394,
            "subtrees_in_total": 59618,
            "trees_blocked_because_root_node": 3
        },
        "average": {
            "subtrees_fully_blocked": 2.710779082177161,
            "subtrees_partially_blocked": 0.7299893276414088,
            "subtrees_not_blocked": 60.18569903948773,
            "subtrees_in_total": 63.6264674493063,
            "trees_blocked_because_root_node": 0.0032017075773745998
        }
    }
}