{
    "total_fpd_attempts": {
        "n_of_results": 898,
        "sum": {
            "BrowserProperties": 304643,
            "AlgorithmicMethods": 174896,
            "CrawlFpInspector": 8358
        },
        "average": {
            "BrowserProperties": 339.24610244988867,
            "AlgorithmicMethods": 194.76169265033408,
            "CrawlFpInspector": 9.307349665924276
        }
    },
    "direct_fpd_blocked": {
        "n_of_results": 898,
        "sum": {
            "BrowserProperties": 25541,
            "AlgorithmicMethods": 952,
            "CrawlFpInspector": 638
        },
        "average": {
            "BrowserProperties": 28.442093541202674,
            "AlgorithmicMethods": 1.0601336302895323,
            "CrawlFpInspector": 0.7104677060133631
        }
    },
    "total_fpd_blocked": {
        "n_of_results": 898,
        "sum": {
            "BrowserProperties": 62269,
            "AlgorithmicMethods": 2364,
            "CrawlFpInspector": 1224
        },
        "average": {
            "BrowserProperties": 69.34187082405346,
            "AlgorithmicMethods": 2.6325167037861914,
            "CrawlFpInspector": 1.3630289532293987
        }
    },
    "transitive_fpd_blocked": {
        "n_of_results": 898,
        "sum": {
            "BrowserProperties": 36728,
            "AlgorithmicMethods": 1412,
            "CrawlFpInspector": 586
        },
        "average": {
            "BrowserProperties": 40.89977728285078,
            "AlgorithmicMethods": 1.5723830734966593,
            "CrawlFpInspector": 0.6525612472160356
        }
    },
    "directly_blocked": {
        "n_of_results": 898,
        "sum": 4155,
        "average": 4.62694877505568
    },
    "total_requested": {
        "n_of_results": 898,
        "sum": 100898,
        "average": 112.35857461024499
    },
    "total_blocked": {
        "n_of_results": 898,
        "sum": 10020,
        "average": 11.158129175946549
    },
    "blocked_transitively": {
        "n_of_results": 898,
        "sum": 5865,
        "average": 6.531180400890869
    },
    "blocked_with_children": {
        "n_of_results": 898,
        "sum": 657,
        "average": 0.7316258351893096
    },
    "average_block_level": {
        "n_of_results": 898,
        "sum": 2244.0745429304384,
        "average": 2.4989694241987066
    },
    "blocked_subtrees_data": {
        "n_of_results": 898,
        "sum": {
            "fully_blocked": 2546,
            "partially_blocked": 670,
            "not_blocked": 58797,
            "total_trees": 62013,
            "root_blocks": 4
        },
        "average": {
            "fully_blocked": 2.8351893095768372,
            "partially_blocked": 0.7461024498886414,
            "not_blocked": 65.47550111358575,
            "total_trees": 69.05679287305122,
            "root_blocks": 0.004454342984409799
        }
    }
}