{
    "total_fpd_attempts": {
        "n_of_results": 904,
        "sum": {
            "BrowserProperties": 309821,
            "AlgorithmicMethods": 178460,
            "CrawlFpInspector": 8475
        },
        "average": {
            "BrowserProperties": 342.7223451327434,
            "AlgorithmicMethods": 197.41150442477877,
            "CrawlFpInspector": 9.375
        }
    },
    "direct_fpd_blocked": {
        "n_of_results": 904,
        "sum": {
            "BrowserProperties": 55618,
            "AlgorithmicMethods": 1298,
            "CrawlFpInspector": 1364
        },
        "average": {
            "BrowserProperties": 61.52433628318584,
            "AlgorithmicMethods": 1.4358407079646018,
            "CrawlFpInspector": 1.508849557522124
        }
    },
    "total_fpd_blocked": {
        "n_of_results": 904,
        "sum": {
            "BrowserProperties": 155735,
            "AlgorithmicMethods": 3964,
            "CrawlFpInspector": 2664
        },
        "average": {
            "BrowserProperties": 172.27323008849558,
            "AlgorithmicMethods": 4.384955752212389,
            "CrawlFpInspector": 2.9469026548672566
        }
    },
    "transitive_fpd_blocked": {
        "n_of_results": 904,
        "sum": {
            "BrowserProperties": 100117,
            "AlgorithmicMethods": 2666,
            "CrawlFpInspector": 1300
        },
        "average": {
            "BrowserProperties": 110.74889380530973,
            "AlgorithmicMethods": 2.9491150442477876,
            "CrawlFpInspector": 1.4380530973451326
        }
    },
    "directly_blocked": {
        "n_of_results": 904,
        "sum": 8397,
        "average": 9.288716814159292
    },
    "total_requested": {
        "n_of_results": 904,
        "sum": 102528,
        "average": 113.41592920353982
    },
    "total_blocked": {
        "n_of_results": 904,
        "sum": 19556,
        "average": 21.63274336283186
    },
    "blocked_transitively": {
        "n_of_results": 904,
        "sum": 11159,
        "average": 12.344026548672566
    },
    "blocked_with_children": {
        "n_of_results": 904,
        "sum": 1842,
        "average": 2.0376106194690267
    },
    "average_block_level": {
        "n_of_results": 904,
        "sum": 2905.2525706421325,
        "average": 3.2137749675244827
    },
    "blocked_subtrees_data": {
        "n_of_results": 904,
        "sum": {
            "fully_blocked": 5069,
            "partially_blocked": 1014,
            "not_blocked": 56031,
            "total_trees": 62114,
            "root_blocks": 0
        },
        "average": {
            "fully_blocked": 5.607300884955753,
            "partially_blocked": 1.1216814159292035,
            "not_blocked": 61.98119469026549,
            "total_trees": 68.71017699115045,
            "root_blocks": 0.0
        }
    }
}