{
    "total_fpd_attempts": {
        "n_of_results": 904,
        "sum": {
            "BrowserProperties": 309821,
            "AlgorithmicMethods": 178460,
            "CrawlFpInspector": 8475
        },
        "average": {
            "BrowserProperties": 342.7223451327434,
            "AlgorithmicMethods": 197.41150442477877,
            "CrawlFpInspector": 9.375
        }
    },
    "direct_fpd_blocked": {
        "n_of_results": 904,
        "sum": {
            "BrowserProperties": 55617,
            "AlgorithmicMethods": 1298,
            "CrawlFpInspector": 1364
        },
        "average": {
            "BrowserProperties": 61.52323008849557,
            "AlgorithmicMethods": 1.4358407079646018,
            "CrawlFpInspector": 1.508849557522124
        }
    },
    "total_fpd_blocked": {
        "n_of_results": 904,
        "sum": {
            "BrowserProperties": 155734,
            "AlgorithmicMethods": 3964,
            "CrawlFpInspector": 2664
        },
        "average": {
            "BrowserProperties": 172.27212389380531,
            "AlgorithmicMethods": 4.384955752212389,
            "CrawlFpInspector": 2.9469026548672566
        }
    },
    "transitive_fpd_blocked": {
        "n_of_results": 904,
        "sum": {
            "BrowserProperties": 100117,
            "AlgorithmicMethods": 2666,
            "CrawlFpInspector": 1300
        },
        "average": {
            "BrowserProperties": 110.74889380530973,
            "AlgorithmicMethods": 2.9491150442477876,
            "CrawlFpInspector": 1.4380530973451326
        }
    },
    "directly_blocked": {
        "n_of_results": 904,
        "sum": 8395,
        "average": 9.28650442477876
    },
    "total_requested": {
        "n_of_results": 904,
        "sum": 102528,
        "average": 113.41592920353982
    },
    "total_blocked": {
        "n_of_results": 904,
        "sum": 19554,
        "average": 21.63053097345133
    },
    "blocked_transitively": {
        "n_of_results": 904,
        "sum": 11159,
        "average": 12.344026548672566
    },
    "blocked_with_children": {
        "n_of_results": 904,
        "sum": 1842,
        "average": 2.0376106194690267
    },
    "average_block_level": {
        "n_of_results": 904,
        "sum": 2904.8525706421324,
        "average": 3.2133324896483764
    },
    "blocked_subtrees_data": {
        "n_of_results": 904,
        "sum": {
            "fully_blocked": 5069,
            "partially_blocked": 1013,
            "not_blocked": 56032,
            "total_trees": 62114,
            "root_blocks": 0
        },
        "average": {
            "fully_blocked": 5.607300884955753,
            "partially_blocked": 1.1205752212389382,
            "not_blocked": 61.982300884955755,
            "total_trees": 68.71017699115045,
            "root_blocks": 0.0
        }
    }
}