{
    "total_fpd_attempts": {
        "n_of_results": 898,
        "sum": {
            "BrowserProperties": 304643,
            "AlgorithmicMethods": 174896,
            "CrawlFpInspector": 8358
        },
        "average": {
            "BrowserProperties": 339.24610244988867,
            "AlgorithmicMethods": 194.76169265033408,
            "CrawlFpInspector": 9.307349665924276
        }
    },
    "direct_fpd_blocked": {
        "n_of_results": 898,
        "sum": {
            "BrowserProperties": 58175,
            "AlgorithmicMethods": 3299,
            "CrawlFpInspector": 1804
        },
        "average": {
            "BrowserProperties": 64.78285077951003,
            "AlgorithmicMethods": 3.673719376391982,
            "CrawlFpInspector": 2.0089086859688194
        }
    },
    "total_fpd_blocked": {
        "n_of_results": 898,
        "sum": {
            "BrowserProperties": 163713,
            "AlgorithmicMethods": 6153,
            "CrawlFpInspector": 3545
        },
        "average": {
            "BrowserProperties": 182.3084632516704,
            "AlgorithmicMethods": 6.851893095768374,
            "CrawlFpInspector": 3.947661469933185
        }
    },
    "transitive_fpd_blocked": {
        "n_of_results": 898,
        "sum": {
            "BrowserProperties": 105538,
            "AlgorithmicMethods": 2854,
            "CrawlFpInspector": 1741
        },
        "average": {
            "BrowserProperties": 117.52561247216036,
            "AlgorithmicMethods": 3.178173719376392,
            "CrawlFpInspector": 1.9387527839643652
        }
    },
    "directly_blocked": {
        "n_of_results": 898,
        "sum": 8829,
        "average": 9.83184855233853
    },
    "total_requested": {
        "n_of_results": 898,
        "sum": 100898,
        "average": 112.35857461024499
    },
    "total_blocked": {
        "n_of_results": 898,
        "sum": 20488,
        "average": 22.815144766146993
    },
    "blocked_transitively": {
        "n_of_results": 898,
        "sum": 11659,
        "average": 12.983296213808464
    },
    "blocked_with_children": {
        "n_of_results": 898,
        "sum": 1788,
        "average": 1.9910913140311803
    },
    "average_block_level": {
        "n_of_results": 898,
        "sum": 2978.4305890963883,
        "average": 3.316737849773261
    },
    "blocked_subtrees_data": {
        "n_of_results": 898,
        "sum": {
            "fully_blocked": 5274,
            "partially_blocked": 1067,
            "not_blocked": 55672,
            "total_trees": 62013,
            "root_blocks": 1
        },
        "average": {
            "fully_blocked": 5.87305122494432,
            "partially_blocked": 1.188195991091314,
            "not_blocked": 61.99554565701559,
            "total_trees": 69.05679287305122,
            "root_blocks": 0.0011135857461024498
        }
    }
}