{
    "fpd_attempts_observed": {
        "n_of_results": 937,
        "sum": {
            "BrowserProperties": 307915,
            "AlgorithmicMethods": 216405,
            "CrawlFpInspector": 7582
        },
        "average": {
            "BrowserProperties": 328.6179295624333,
            "AlgorithmicMethods": 230.95517609391675,
            "CrawlFpInspector": 8.091782283884738
        }
    },
    "fpd_attempts_blocked_directly": {
        "n_of_results": 937,
        "sum": {
            "BrowserProperties": 55451,
            "AlgorithmicMethods": 3200,
            "CrawlFpInspector": 1171
        },
        "average": {
            "BrowserProperties": 59.17929562433298,
            "AlgorithmicMethods": 3.4151547491995733,
            "CrawlFpInspector": 1.2497331910352187
        }
    },
    "fpd_attempts_blocked_transitively": {
        "n_of_results": 937,
        "sum": {
            "BrowserProperties": 115132,
            "AlgorithmicMethods": 3185,
            "CrawlFpInspector": 1839
        },
        "average": {
            "BrowserProperties": 122.87299893276415,
            "AlgorithmicMethods": 3.3991462113127002,
            "CrawlFpInspector": 1.9626467449306297
        }
    },
    "fpd_attempts_blocked_in_total": {
        "n_of_results": 937,
        "sum": {
            "BrowserProperties": 170583,
            "AlgorithmicMethods": 6385,
            "CrawlFpInspector": 3010
        },
        "average": {
            "BrowserProperties": 182.05229455709713,
            "AlgorithmicMethods": 6.8143009605122735,
            "CrawlFpInspector": 3.2123799359658483
        }
    },
    "requests_observed": {
        "n_of_results": 937,
        "sum": 100825,
        "average": 107.60405549626468
    },
    "requests_blocked_directly": {
        "n_of_results": 937,
        "sum": 9542,
        "average": 10.183564567769476
    },
    "requests_blocked_in_total": {
        "n_of_results": 937,
        "sum": 23687,
        "average": 25.279615795090717
    },
    "requests_blocked_transitively": {
        "n_of_results": 937,
        "sum": 14145,
        "average": 15.096051227321238
    },
    "requests_blocked_that_have_child_requests": {
        "n_of_results": 937,
        "sum": 1877,
        "average": 2.0032017075773747
    },
    "average_request_block_level": {
        "n_of_results": 937,
        "sum": 2812.155353105472,
        "average": 3.0012330342641107
    },
    "blocked_subtrees_data": {
        "n_of_results": 937,
        "sum": {
            "subtrees_fully_blocked": 5604,
            "subtrees_partially_blocked": 1063,
            "subtrees_not_blocked": 52951,
            "subtrees_in_total": 59618,
            "trees_blocked_because_root_node": 1
        },
        "average": {
            "subtrees_fully_blocked": 5.980789754535753,
            "subtrees_partially_blocked": 1.1344717182497333,
            "subtrees_not_blocked": 56.51120597652081,
            "subtrees_in_total": 63.6264674493063,
            "trees_blocked_because_root_node": 0.0010672358591248667
        }
    }
}