{
    "fpd_attempts_observed": {
        "n_of_results": 937,
        "sum": {
            "BrowserProperties": 307915,
            "AlgorithmicMethods": 216405,
            "CrawlFpInspector": 7582
        },
        "average": {
            "BrowserProperties": 328.6179295624333,
            "AlgorithmicMethods": 230.95517609391675,
            "CrawlFpInspector": 8.091782283884738
        }
    },
    "fpd_attempts_blocked_directly": {
        "n_of_results": 937,
        "sum": {
            "BrowserProperties": 37669,
            "AlgorithmicMethods": 6258,
            "CrawlFpInspector": 682
        },
        "average": {
            "BrowserProperties": 40.2017075773746,
            "AlgorithmicMethods": 6.678762006403415,
            "CrawlFpInspector": 0.727854855923159
        }
    },
    "fpd_attempts_blocked_transitively": {
        "n_of_results": 937,
        "sum": {
            "BrowserProperties": 87626,
            "AlgorithmicMethods": 4801,
            "CrawlFpInspector": 1828
        },
        "average": {
            "BrowserProperties": 93.51760939167556,
            "AlgorithmicMethods": 5.123799359658484,
            "CrawlFpInspector": 1.9509071504802562
        }
    },
    "fpd_attempts_blocked_in_total": {
        "n_of_results": 937,
        "sum": {
            "BrowserProperties": 125295,
            "AlgorithmicMethods": 11059,
            "CrawlFpInspector": 2510
        },
        "average": {
            "BrowserProperties": 133.71931696905017,
            "AlgorithmicMethods": 11.8025613660619,
            "CrawlFpInspector": 2.678762006403415
        }
    },
    "requests_observed": {
        "n_of_results": 937,
        "sum": 100825,
        "average": 107.60405549626468
    },
    "requests_blocked_directly": {
        "n_of_results": 937,
        "sum": 8488,
        "average": 9.058697972251867
    },
    "requests_blocked_in_total": {
        "n_of_results": 937,
        "sum": 23030,
        "average": 24.578441835645677
    },
    "requests_blocked_transitively": {
        "n_of_results": 937,
        "sum": 14542,
        "average": 15.51974386339381
    },
    "requests_blocked_that_have_child_requests": {
        "n_of_results": 937,
        "sum": 1702,
        "average": 1.816435432230523
    },
    "average_request_block_level": {
        "n_of_results": 937,
        "sum": 2705.9115882950437,
        "average": 2.887845878649993
    },
    "blocked_subtrees_data": {
        "n_of_results": 937,
        "sum": {
            "subtrees_fully_blocked": 6200,
            "subtrees_partially_blocked": 1061,
            "subtrees_not_blocked": 52357,
            "subtrees_in_total": 59618,
            "trees_blocked_because_root_node": 31
        },
        "average": {
            "subtrees_fully_blocked": 6.616862326574173,
            "subtrees_partially_blocked": 1.1323372465314834,
            "subtrees_not_blocked": 55.87726787620064,
            "subtrees_in_total": 63.6264674493063,
            "trees_blocked_because_root_node": 0.033084311632870865
        }
    }
}