{
    "total_fpd_attempts": {
        "n_of_results": 898,
        "sum": {
            "BrowserProperties": 304643,
            "AlgorithmicMethods": 174896,
            "CrawlFpInspector": 8358
        },
        "average": {
            "BrowserProperties": 339.24610244988867,
            "AlgorithmicMethods": 194.76169265033408,
            "CrawlFpInspector": 9.307349665924276
        }
    },
    "direct_fpd_blocked": {
        "n_of_results": 898,
        "sum": {
            "BrowserProperties": 70544,
            "AlgorithmicMethods": 1465,
            "CrawlFpInspector": 1311
        },
        "average": {
            "BrowserProperties": 78.55679287305122,
            "AlgorithmicMethods": 1.6314031180400892,
            "CrawlFpInspector": 1.4599109131403119
        }
    },
    "total_fpd_blocked": {
        "n_of_results": 898,
        "sum": {
            "BrowserProperties": 189448,
            "AlgorithmicMethods": 5442,
            "CrawlFpInspector": 2488
        },
        "average": {
            "BrowserProperties": 210.96659242761692,
            "AlgorithmicMethods": 6.060133630289532,
            "CrawlFpInspector": 2.7706013363028954
        }
    },
    "transitive_fpd_blocked": {
        "n_of_results": 898,
        "sum": {
            "BrowserProperties": 118904,
            "AlgorithmicMethods": 3977,
            "CrawlFpInspector": 1177
        },
        "average": {
            "BrowserProperties": 132.4097995545657,
            "AlgorithmicMethods": 4.428730512249444,
            "CrawlFpInspector": 1.3106904231625836
        }
    },
    "directly_blocked": {
        "n_of_results": 898,
        "sum": 8740,
        "average": 9.732739420935411
    },
    "total_requested": {
        "n_of_results": 898,
        "sum": 100898,
        "average": 112.35857461024499
    },
    "total_blocked": {
        "n_of_results": 898,
        "sum": 20228,
        "average": 22.525612472160358
    },
    "blocked_transitively": {
        "n_of_results": 898,
        "sum": 11488,
        "average": 12.792873051224944
    },
    "blocked_with_children": {
        "n_of_results": 898,
        "sum": 1879,
        "average": 2.0924276169265035
    },
    "average_block_level": {
        "n_of_results": 898,
        "sum": 2819.0416704143518,
        "average": 3.1392446218422627
    },
    "blocked_subtrees_data": {
        "n_of_results": 898,
        "sum": {
            "fully_blocked": 5664,
            "partially_blocked": 758,
            "not_blocked": 55591,
            "total_trees": 62013,
            "root_blocks": 0
        },
        "average": {
            "fully_blocked": 6.307349665924276,
            "partially_blocked": 0.844097995545657,
            "not_blocked": 61.90534521158129,
            "total_trees": 69.05679287305122,
            "root_blocks": 0.0
        }
    }
}