{
    "fpd_attempts_observed": {
        "n_of_results": 937,
        "sum": {
            "BrowserProperties": 307915,
            "AlgorithmicMethods": 216405,
            "CrawlFpInspector": 7582
        },
        "average": {
            "BrowserProperties": 328.6179295624333,
            "AlgorithmicMethods": 230.95517609391675,
            "CrawlFpInspector": 8.091782283884738
        }
    },
    "fpd_attempts_blocked_directly": {
        "n_of_results": 937,
        "sum": {
            "BrowserProperties": 54492,
            "AlgorithmicMethods": 1197,
            "CrawlFpInspector": 764
        },
        "average": {
            "BrowserProperties": 58.15581643543223,
            "AlgorithmicMethods": 1.2774813233724653,
            "CrawlFpInspector": 0.8153681963713981
        }
    },
    "fpd_attempts_blocked_transitively": {
        "n_of_results": 937,
        "sum": {
            "BrowserProperties": 113976,
            "AlgorithmicMethods": 3061,
            "CrawlFpInspector": 1476
        },
        "average": {
            "BrowserProperties": 121.63927427961579,
            "AlgorithmicMethods": 3.266808964781217,
            "CrawlFpInspector": 1.575240128068303
        }
    },
    "fpd_attempts_blocked_in_total": {
        "n_of_results": 937,
        "sum": {
            "BrowserProperties": 168468,
            "AlgorithmicMethods": 4258,
            "CrawlFpInspector": 2240
        },
        "average": {
            "BrowserProperties": 179.79509071504802,
            "AlgorithmicMethods": 4.5442902881536815,
            "CrawlFpInspector": 2.390608324439701
        }
    },
    "requests_observed": {
        "n_of_results": 937,
        "sum": 100825,
        "average": 107.60405549626468
    },
    "requests_blocked_directly": {
        "n_of_results": 937,
        "sum": 9321,
        "average": 9.947705442902882
    },
    "requests_blocked_in_total": {
        "n_of_results": 937,
        "sum": 22996,
        "average": 24.542155816435432
    },
    "requests_blocked_transitively": {
        "n_of_results": 937,
        "sum": 13675,
        "average": 14.59445037353255
    },
    "requests_blocked_that_have_child_requests": {
        "n_of_results": 937,
        "sum": 1796,
        "average": 1.9167556029882604
    },
    "average_request_block_level": {
        "n_of_results": 937,
        "sum": 2761.9585784267847,
        "average": 2.947661236314605
    },
    "blocked_subtrees_data": {
        "n_of_results": 937,
        "sum": {
            "subtrees_fully_blocked": 5489,
            "subtrees_partially_blocked": 985,
            "subtrees_not_blocked": 53144,
            "subtrees_in_total": 59618,
            "trees_blocked_because_root_node": 0
        },
        "average": {
            "subtrees_fully_blocked": 5.8580576307363925,
            "subtrees_partially_blocked": 1.0512273212379937,
            "subtrees_not_blocked": 56.71718249733191,
            "subtrees_in_total": 63.6264674493063,
            "trees_blocked_because_root_node": 0.0
        }
    }
}