{
    "fpd_attempts_observed": {
        "n_of_results": 937,
        "sum": {
            "BrowserProperties": 296536,
            "AlgorithmicMethods": 215569,
            "CrawlFpInspector": 6835
        },
        "average": {
            "BrowserProperties": 316.47385272145146,
            "AlgorithmicMethods": 230.06296691568838,
            "CrawlFpInspector": 7.294557097118463
        }
    },
    "fpd_attempts_blocked_directly": {
        "n_of_results": 937,
        "sum": {
            "BrowserProperties": 36824,
            "AlgorithmicMethods": 1100,
            "CrawlFpInspector": 664
        },
        "average": {
            "BrowserProperties": 39.29989327641409,
            "AlgorithmicMethods": 1.1739594450373532,
            "CrawlFpInspector": 0.7086446104589115
        }
    },
    "fpd_attempts_blocked_transitively": {
        "n_of_results": 937,
        "sum": {
            "BrowserProperties": 80363,
            "AlgorithmicMethods": 10401,
            "CrawlFpInspector": 1548
        },
        "average": {
            "BrowserProperties": 85.76627534685166,
            "AlgorithmicMethods": 11.100320170757737,
            "CrawlFpInspector": 1.6520811099252934
        }
    },
    "fpd_attempts_blocked_in_total": {
        "n_of_results": 937,
        "sum": {
            "BrowserProperties": 117187,
            "AlgorithmicMethods": 11501,
            "CrawlFpInspector": 2212
        },
        "average": {
            "BrowserProperties": 125.06616862326574,
            "AlgorithmicMethods": 12.274279615795091,
            "CrawlFpInspector": 2.3607257203842047
        }
    },
    "requests_observed": {
        "n_of_results": 937,
        "sum": 100825,
        "average": 107.60405549626468
    },
    "requests_blocked_directly": {
        "n_of_results": 937,
        "sum": 8488,
        "average": 9.058697972251867
    },
    "requests_blocked_in_total": {
        "n_of_results": 937,
        "sum": 23030,
        "average": 24.578441835645677
    },
    "requests_blocked_transitively": {
        "n_of_results": 937,
        "sum": 14542,
        "average": 15.51974386339381
    },
    "requests_blocked_that_have_child_requests": {
        "n_of_results": 937,
        "sum": 1702,
        "average": 1.816435432230523
    },
    "average_request_block_level": {
        "n_of_results": 937,
        "sum": 2705.9115882950437,
        "average": 2.887845878649993
    },
    "blocked_subtrees_data": {
        "n_of_results": 937,
        "sum": {
            "subtrees_fully_blocked": 6200,
            "subtrees_partially_blocked": 1061,
            "subtrees_not_blocked": 52357,
            "subtrees_in_total": 59618,
            "trees_blocked_because_root_node": 31
        },
        "average": {
            "subtrees_fully_blocked": 6.616862326574173,
            "subtrees_partially_blocked": 1.1323372465314834,
            "subtrees_not_blocked": 55.87726787620064,
            "subtrees_in_total": 63.6264674493063,
            "trees_blocked_because_root_node": 0.033084311632870865
        }
    }
}