{
    "fpd_attempts_observed": {
        "n_of_results": 937,
        "sum": {
            "BrowserProperties": 307915,
            "AlgorithmicMethods": 216405,
            "CrawlFpInspector": 7582
        },
        "average": {
            "BrowserProperties": 328.6179295624333,
            "AlgorithmicMethods": 230.95517609391675,
            "CrawlFpInspector": 8.091782283884738
        }
    },
    "fpd_attempts_blocked_directly": {
        "n_of_results": 937,
        "sum": {
            "BrowserProperties": 64631,
            "AlgorithmicMethods": 1286,
            "CrawlFpInspector": 708
        },
        "average": {
            "BrowserProperties": 68.97652081109925,
            "AlgorithmicMethods": 1.3724653148345785,
            "CrawlFpInspector": 0.7556029882604055
        }
    },
    "fpd_attempts_blocked_transitively": {
        "n_of_results": 937,
        "sum": {
            "BrowserProperties": 135887,
            "AlgorithmicMethods": 4986,
            "CrawlFpInspector": 1332
        },
        "average": {
            "BrowserProperties": 145.02347918890075,
            "AlgorithmicMethods": 5.321237993596585,
            "CrawlFpInspector": 1.4215581643543223
        }
    },
    "fpd_attempts_blocked_in_total": {
        "n_of_results": 937,
        "sum": {
            "BrowserProperties": 200518,
            "AlgorithmicMethods": 6272,
            "CrawlFpInspector": 2040
        },
        "average": {
            "BrowserProperties": 214.0,
            "AlgorithmicMethods": 6.6937033084311635,
            "CrawlFpInspector": 2.177161152614728
        }
    },
    "requests_observed": {
        "n_of_results": 937,
        "sum": 100825,
        "average": 107.60405549626468
    },
    "requests_blocked_directly": {
        "n_of_results": 937,
        "sum": 9239,
        "average": 9.860192102454642
    },
    "requests_blocked_in_total": {
        "n_of_results": 937,
        "sum": 24373,
        "average": 26.011739594450372
    },
    "requests_blocked_transitively": {
        "n_of_results": 937,
        "sum": 15134,
        "average": 16.151547491995732
    },
    "requests_blocked_that_have_child_requests": {
        "n_of_results": 937,
        "sum": 1847,
        "average": 1.9711846318036286
    },
    "average_request_block_level": {
        "n_of_results": 937,
        "sum": 2638.14016818168,
        "average": 2.8155177888811953
    },
    "blocked_subtrees_data": {
        "n_of_results": 937,
        "sum": {
            "subtrees_fully_blocked": 6113,
            "subtrees_partially_blocked": 715,
            "subtrees_not_blocked": 52790,
            "subtrees_in_total": 59618,
            "trees_blocked_because_root_node": 0
        },
        "average": {
            "subtrees_fully_blocked": 6.524012806830309,
            "subtrees_partially_blocked": 0.7630736392742796,
            "subtrees_not_blocked": 56.33938100320171,
            "subtrees_in_total": 63.6264674493063,
            "trees_blocked_because_root_node": 0.0
        }
    }
}