{
    "total_fpd_attempts": {
        "n_of_results": 898,
        "sum": {
            "BrowserProperties": 304643,
            "AlgorithmicMethods": 174896,
            "CrawlFpInspector": 8358
        },
        "average": {
            "BrowserProperties": 339.24610244988867,
            "AlgorithmicMethods": 194.76169265033408,
            "CrawlFpInspector": 9.307349665924276
        }
    },
    "direct_fpd_blocked": {
        "n_of_results": 898,
        "sum": {
            "BrowserProperties": 56971,
            "AlgorithmicMethods": 1255,
            "CrawlFpInspector": 1355
        },
        "average": {
            "BrowserProperties": 63.442093541202674,
            "AlgorithmicMethods": 1.3975501113585747,
            "CrawlFpInspector": 1.5089086859688197
        }
    },
    "total_fpd_blocked": {
        "n_of_results": 898,
        "sum": {
            "BrowserProperties": 160451,
            "AlgorithmicMethods": 3962,
            "CrawlFpInspector": 2734
        },
        "average": {
            "BrowserProperties": 178.6759465478842,
            "AlgorithmicMethods": 4.412026726057906,
            "CrawlFpInspector": 3.044543429844098
        }
    },
    "transitive_fpd_blocked": {
        "n_of_results": 898,
        "sum": {
            "BrowserProperties": 103480,
            "AlgorithmicMethods": 2707,
            "CrawlFpInspector": 1379
        },
        "average": {
            "BrowserProperties": 115.23385300668151,
            "AlgorithmicMethods": 3.014476614699332,
            "CrawlFpInspector": 1.5356347438752784
        }
    },
    "directly_blocked": {
        "n_of_results": 898,
        "sum": 8545,
        "average": 9.515590200445434
    },
    "total_requested": {
        "n_of_results": 898,
        "sum": 100898,
        "average": 112.35857461024499
    },
    "total_blocked": {
        "n_of_results": 898,
        "sum": 19671,
        "average": 21.90534521158129
    },
    "blocked_transitively": {
        "n_of_results": 898,
        "sum": 11126,
        "average": 12.389755011135858
    },
    "blocked_with_children": {
        "n_of_results": 898,
        "sum": 1693,
        "average": 1.8853006681514477
    },
    "average_block_level": {
        "n_of_results": 898,
        "sum": 2920.6516233874554,
        "average": 3.252396017135251
    },
    "blocked_subtrees_data": {
        "n_of_results": 898,
        "sum": {
            "fully_blocked": 5133,
            "partially_blocked": 986,
            "not_blocked": 55894,
            "total_trees": 62013,
            "root_blocks": 0
        },
        "average": {
            "fully_blocked": 5.716035634743875,
            "partially_blocked": 1.0979955456570156,
            "not_blocked": 62.24276169265033,
            "total_trees": 69.05679287305122,
            "root_blocks": 0.0
        }
    }
}