{
    "fpd_attempts_observed": {
        "n_of_results": 937,
        "sum": {
            "BrowserProperties": 307915,
            "AlgorithmicMethods": 216405,
            "CrawlFpInspector": 7582
        },
        "average": {
            "BrowserProperties": 328.6179295624333,
            "AlgorithmicMethods": 230.95517609391675,
            "CrawlFpInspector": 8.091782283884738
        }
    },
    "fpd_attempts_blocked_directly": {
        "n_of_results": 937,
        "sum": {
            "BrowserProperties": 22837,
            "AlgorithmicMethods": 641,
            "CrawlFpInspector": 642
        },
        "average": {
            "BrowserProperties": 24.372465314834578,
            "AlgorithmicMethods": 0.6840981856990395,
            "CrawlFpInspector": 0.6851654215581644
        }
    },
    "fpd_attempts_blocked_transitively": {
        "n_of_results": 937,
        "sum": {
            "BrowserProperties": 40409,
            "AlgorithmicMethods": 1688,
            "CrawlFpInspector": 468
        },
        "average": {
            "BrowserProperties": 43.125933831376734,
            "AlgorithmicMethods": 1.8014941302027747,
            "CrawlFpInspector": 0.4994663820704376
        }
    },
    "fpd_attempts_blocked_in_total": {
        "n_of_results": 937,
        "sum": {
            "BrowserProperties": 63246,
            "AlgorithmicMethods": 2329,
            "CrawlFpInspector": 1110
        },
        "average": {
            "BrowserProperties": 67.49839914621131,
            "AlgorithmicMethods": 2.4855923159018145,
            "CrawlFpInspector": 1.1846318036286019
        }
    },
    "requests_observed": {
        "n_of_results": 937,
        "sum": 100825,
        "average": 107.60405549626468
    },
    "requests_blocked_directly": {
        "n_of_results": 937,
        "sum": 4223,
        "average": 4.506937033084312
    },
    "requests_blocked_in_total": {
        "n_of_results": 937,
        "sum": 10437,
        "average": 11.138740661686233
    },
    "requests_blocked_transitively": {
        "n_of_results": 937,
        "sum": 6214,
        "average": 6.631803628601921
    },
    "requests_blocked_that_have_child_requests": {
        "n_of_results": 937,
        "sum": 633,
        "average": 0.6755602988260405
    },
    "average_request_block_level": {
        "n_of_results": 937,
        "sum": 1704.67084716651,
        "average": 1.8192858561008645
    },
    "blocked_subtrees_data": {
        "n_of_results": 937,
        "sum": {
            "subtrees_fully_blocked": 1671,
            "subtrees_partially_blocked": 546,
            "subtrees_not_blocked": 57401,
            "subtrees_in_total": 59618,
            "trees_blocked_because_root_node": 0
        },
        "average": {
            "subtrees_fully_blocked": 1.783351120597652,
            "subtrees_partially_blocked": 0.5827107790821772,
            "subtrees_not_blocked": 61.26040554962647,
            "subtrees_in_total": 63.6264674493063,
            "trees_blocked_because_root_node": 0.0
        }
    }
}