{
    "total_fpd_attempts": {
        "n_of_results": 898,
        "sum": {
            "BrowserProperties": 304643,
            "AlgorithmicMethods": 174896,
            "CrawlFpInspector": 8358
        },
        "average": {
            "BrowserProperties": 339.24610244988867,
            "AlgorithmicMethods": 194.76169265033408,
            "CrawlFpInspector": 9.307349665924276
        }
    },
    "direct_fpd_blocked": {
        "n_of_results": 898,
        "sum": {
            "BrowserProperties": 39749,
            "AlgorithmicMethods": 6902,
            "CrawlFpInspector": 741
        },
        "average": {
            "BrowserProperties": 44.26391982182628,
            "AlgorithmicMethods": 7.685968819599109,
            "CrawlFpInspector": 0.8251670378619154
        }
    },
    "total_fpd_blocked": {
        "n_of_results": 898,
        "sum": {
            "BrowserProperties": 107331,
            "AlgorithmicMethods": 10713,
            "CrawlFpInspector": 2529
        },
        "average": {
            "BrowserProperties": 119.52227171492206,
            "AlgorithmicMethods": 11.929844097995545,
            "CrawlFpInspector": 2.816258351893096
        }
    },
    "transitive_fpd_blocked": {
        "n_of_results": 898,
        "sum": {
            "BrowserProperties": 67582,
            "AlgorithmicMethods": 3811,
            "CrawlFpInspector": 1788
        },
        "average": {
            "BrowserProperties": 75.25835189309576,
            "AlgorithmicMethods": 4.243875278396437,
            "CrawlFpInspector": 1.9910913140311803
        }
    },
    "directly_blocked": {
        "n_of_results": 898,
        "sum": 7994,
        "average": 8.902004454342984
    },
    "total_requested": {
        "n_of_results": 898,
        "sum": 100898,
        "average": 112.35857461024499
    },
    "total_blocked": {
        "n_of_results": 898,
        "sum": 18347,
        "average": 20.43095768374165
    },
    "blocked_transitively": {
        "n_of_results": 898,
        "sum": 10353,
        "average": 11.528953229398663
    },
    "blocked_with_children": {
        "n_of_results": 898,
        "sum": 1623,
        "average": 1.8073496659242763
    },
    "average_block_level": {
        "n_of_results": 898,
        "sum": 2863.4324171785624,
        "average": 3.188677524697731
    },
    "blocked_subtrees_data": {
        "n_of_results": 898,
        "sum": {
            "fully_blocked": 5434,
            "partially_blocked": 1141,
            "not_blocked": 55438,
            "total_trees": 62013,
            "root_blocks": 27
        },
        "average": {
            "fully_blocked": 6.051224944320713,
            "partially_blocked": 1.2706013363028954,
            "not_blocked": 61.73496659242762,
            "total_trees": 69.05679287305122,
            "root_blocks": 0.030066815144766147
        }
    }
}