{
    "total_fpd_attempts": {
        "n_of_results": 904,
        "sum": {
            "BrowserProperties": 309821,
            "AlgorithmicMethods": 178460,
            "CrawlFpInspector": 8475
        },
        "average": {
            "BrowserProperties": 342.7223451327434,
            "AlgorithmicMethods": 197.41150442477877,
            "CrawlFpInspector": 9.375
        }
    },
    "direct_fpd_blocked": {
        "n_of_results": 904,
        "sum": {
            "BrowserProperties": 19047,
            "AlgorithmicMethods": 676,
            "CrawlFpInspector": 716
        },
        "average": {
            "BrowserProperties": 21.069690265486727,
            "AlgorithmicMethods": 0.7477876106194691,
            "CrawlFpInspector": 0.7920353982300885
        }
    },
    "total_fpd_blocked": {
        "n_of_results": 904,
        "sum": {
            "BrowserProperties": 50313,
            "AlgorithmicMethods": 2041,
            "CrawlFpInspector": 991
        },
        "average": {
            "BrowserProperties": 55.655973451327434,
            "AlgorithmicMethods": 2.2577433628318584,
            "CrawlFpInspector": 1.0962389380530972
        }
    },
    "transitive_fpd_blocked": {
        "n_of_results": 904,
        "sum": {
            "BrowserProperties": 31266,
            "AlgorithmicMethods": 1365,
            "CrawlFpInspector": 275
        },
        "average": {
            "BrowserProperties": 34.586283185840706,
            "AlgorithmicMethods": 1.5099557522123894,
            "CrawlFpInspector": 0.30420353982300885
        }
    },
    "directly_blocked": {
        "n_of_results": 904,
        "sum": 3726,
        "average": 4.121681415929204
    },
    "total_requested": {
        "n_of_results": 904,
        "sum": 102528,
        "average": 113.41592920353982
    },
    "total_blocked": {
        "n_of_results": 904,
        "sum": 7777,
        "average": 8.60287610619469
    },
    "blocked_transitively": {
        "n_of_results": 904,
        "sum": 4051,
        "average": 4.481194690265487
    },
    "blocked_with_children": {
        "n_of_results": 904,
        "sum": 601,
        "average": 0.6648230088495575
    },
    "average_block_level": {
        "n_of_results": 904,
        "sum": 2269.8080570083594,
        "average": 2.510849620584468
    },
    "blocked_subtrees_data": {
        "n_of_results": 904,
        "sum": {
            "fully_blocked": 1581,
            "partially_blocked": 677,
            "not_blocked": 59856,
            "total_trees": 62114,
            "root_blocks": 0
        },
        "average": {
            "fully_blocked": 1.7488938053097345,
            "partially_blocked": 0.7488938053097345,
            "not_blocked": 66.21238938053098,
            "total_trees": 68.71017699115045,
            "root_blocks": 0.0
        }
    }
}