{
    "fpd_attempts_observed": {
        "n_of_results": 937,
        "sum": {
            "BrowserProperties": 307915,
            "AlgorithmicMethods": 216405,
            "CrawlFpInspector": 7582
        },
        "average": {
            "BrowserProperties": 328.6179295624333,
            "AlgorithmicMethods": 230.95517609391675,
            "CrawlFpInspector": 8.091782283884738
        }
    },
    "fpd_attempts_blocked_directly": {
        "n_of_results": 937,
        "sum": {
            "BrowserProperties": 64993,
            "AlgorithmicMethods": 1283,
            "CrawlFpInspector": 711
        },
        "average": {
            "BrowserProperties": 69.36286019210246,
            "AlgorithmicMethods": 1.3692636072572038,
            "CrawlFpInspector": 0.7588046958377801
        }
    },
    "fpd_attempts_blocked_transitively": {
        "n_of_results": 937,
        "sum": {
            "BrowserProperties": 138745,
            "AlgorithmicMethods": 5010,
            "CrawlFpInspector": 1490
        },
        "average": {
            "BrowserProperties": 148.07363927427963,
            "AlgorithmicMethods": 5.346851654215581,
            "CrawlFpInspector": 1.5901814300960513
        }
    },
    "fpd_attempts_blocked_in_total": {
        "n_of_results": 937,
        "sum": {
            "BrowserProperties": 203738,
            "AlgorithmicMethods": 6293,
            "CrawlFpInspector": 2201
        },
        "average": {
            "BrowserProperties": 217.43649946638206,
            "AlgorithmicMethods": 6.716115261472786,
            "CrawlFpInspector": 2.3489861259338314
        }
    },
    "requests_observed": {
        "n_of_results": 937,
        "sum": 100825,
        "average": 107.60405549626468
    },
    "requests_blocked_directly": {
        "n_of_results": 937,
        "sum": 9174,
        "average": 9.790821771611526
    },
    "requests_blocked_in_total": {
        "n_of_results": 937,
        "sum": 24826,
        "average": 26.495197438633937
    },
    "requests_blocked_transitively": {
        "n_of_results": 937,
        "sum": 15652,
        "average": 16.70437566702241
    },
    "requests_blocked_that_have_child_requests": {
        "n_of_results": 937,
        "sum": 1973,
        "average": 2.1056563500533616
    },
    "average_request_block_level": {
        "n_of_results": 937,
        "sum": 2640.168965563567,
        "average": 2.8176829941980435
    },
    "blocked_subtrees_data": {
        "n_of_results": 937,
        "sum": {
            "subtrees_fully_blocked": 6115,
            "subtrees_partially_blocked": 678,
            "subtrees_not_blocked": 52825,
            "subtrees_in_total": 59618,
            "trees_blocked_because_root_node": 0
        },
        "average": {
            "subtrees_fully_blocked": 6.526147278548559,
            "subtrees_partially_blocked": 0.7235859124866596,
            "subtrees_not_blocked": 56.37673425827108,
            "subtrees_in_total": 63.6264674493063,
            "trees_blocked_because_root_node": 0.0
        }
    }
}