{
    "fpd_attempts_observed": {
        "n_of_results": 937,
        "sum": {
            "BrowserProperties": 307915,
            "AlgorithmicMethods": 216405,
            "CrawlFpInspector": 7582
        },
        "average": {
            "BrowserProperties": 328.6179295624333,
            "AlgorithmicMethods": 230.95517609391675,
            "CrawlFpInspector": 8.091782283884738
        }
    },
    "fpd_attempts_blocked_directly": {
        "n_of_results": 937,
        "sum": {
            "BrowserProperties": 37688,
            "AlgorithmicMethods": 6258,
            "CrawlFpInspector": 682
        },
        "average": {
            "BrowserProperties": 40.221985058697975,
            "AlgorithmicMethods": 6.678762006403415,
            "CrawlFpInspector": 0.727854855923159
        }
    },
    "fpd_attempts_blocked_transitively": {
        "n_of_results": 937,
        "sum": {
            "BrowserProperties": 87627,
            "AlgorithmicMethods": 4801,
            "CrawlFpInspector": 1828
        },
        "average": {
            "BrowserProperties": 93.51867662753469,
            "AlgorithmicMethods": 5.123799359658484,
            "CrawlFpInspector": 1.9509071504802562
        }
    },
    "fpd_attempts_blocked_in_total": {
        "n_of_results": 937,
        "sum": {
            "BrowserProperties": 125315,
            "AlgorithmicMethods": 11059,
            "CrawlFpInspector": 2510
        },
        "average": {
            "BrowserProperties": 133.74066168623267,
            "AlgorithmicMethods": 11.8025613660619,
            "CrawlFpInspector": 2.678762006403415
        }
    },
    "requests_observed": {
        "n_of_results": 937,
        "sum": 100825,
        "average": 107.60405549626468
    },
    "requests_blocked_directly": {
        "n_of_results": 937,
        "sum": 8503,
        "average": 9.074706510138741
    },
    "requests_blocked_in_total": {
        "n_of_results": 937,
        "sum": 23046,
        "average": 24.595517609391674
    },
    "requests_blocked_transitively": {
        "n_of_results": 937,
        "sum": 14543,
        "average": 15.520811099252935
    },
    "requests_blocked_that_have_child_requests": {
        "n_of_results": 937,
        "sum": 1703,
        "average": 1.8175026680896478
    },
    "average_request_block_level": {
        "n_of_results": 937,
        "sum": 2708.3702377083,
        "average": 2.890469837468837
    },
    "blocked_subtrees_data": {
        "n_of_results": 937,
        "sum": {
            "subtrees_fully_blocked": 6206,
            "subtrees_partially_blocked": 1062,
            "subtrees_not_blocked": 52350,
            "subtrees_in_total": 59618,
            "trees_blocked_because_root_node": 31
        },
        "average": {
            "subtrees_fully_blocked": 6.623265741728922,
            "subtrees_partially_blocked": 1.1334044823906084,
            "subtrees_not_blocked": 55.869797225186765,
            "subtrees_in_total": 63.6264674493063,
            "trees_blocked_because_root_node": 0.033084311632870865
        }
    }
}