{
    "total_fpd_attempts": {
        "n_of_results": 904,
        "sum": {
            "BrowserProperties": 309821,
            "AlgorithmicMethods": 178460,
            "CrawlFpInspector": 8475
        },
        "average": {
            "BrowserProperties": 342.7223451327434,
            "AlgorithmicMethods": 197.41150442477877,
            "CrawlFpInspector": 9.375
        }
    },
    "direct_fpd_blocked": {
        "n_of_results": 904,
        "sum": {
            "BrowserProperties": 70540,
            "AlgorithmicMethods": 1505,
            "CrawlFpInspector": 1337
        },
        "average": {
            "BrowserProperties": 78.03097345132744,
            "AlgorithmicMethods": 1.6648230088495575,
            "CrawlFpInspector": 1.4789823008849559
        }
    },
    "total_fpd_blocked": {
        "n_of_results": 904,
        "sum": {
            "BrowserProperties": 190976,
            "AlgorithmicMethods": 5666,
            "CrawlFpInspector": 2670
        },
        "average": {
            "BrowserProperties": 211.2566371681416,
            "AlgorithmicMethods": 6.267699115044247,
            "CrawlFpInspector": 2.9535398230088497
        }
    },
    "transitive_fpd_blocked": {
        "n_of_results": 904,
        "sum": {
            "BrowserProperties": 120436,
            "AlgorithmicMethods": 4161,
            "CrawlFpInspector": 1333
        },
        "average": {
            "BrowserProperties": 133.22566371681415,
            "AlgorithmicMethods": 4.602876106194691,
            "CrawlFpInspector": 1.4745575221238938
        }
    },
    "directly_blocked": {
        "n_of_results": 904,
        "sum": 8767,
        "average": 9.698008849557523
    },
    "total_requested": {
        "n_of_results": 904,
        "sum": 102528,
        "average": 113.41592920353982
    },
    "total_blocked": {
        "n_of_results": 904,
        "sum": 21006,
        "average": 23.236725663716815
    },
    "blocked_transitively": {
        "n_of_results": 904,
        "sum": 12239,
        "average": 13.538716814159292
    },
    "blocked_with_children": {
        "n_of_results": 904,
        "sum": 2207,
        "average": 2.441371681415929
    },
    "average_block_level": {
        "n_of_results": 904,
        "sum": 2826.588590229921,
        "average": 3.126757290077346
    },
    "blocked_subtrees_data": {
        "n_of_results": 904,
        "sum": {
            "fully_blocked": 5688,
            "partially_blocked": 775,
            "not_blocked": 55651,
            "total_trees": 62114,
            "root_blocks": 0
        },
        "average": {
            "fully_blocked": 6.292035398230088,
            "partially_blocked": 0.8573008849557522,
            "not_blocked": 61.5608407079646,
            "total_trees": 68.71017699115045,
            "root_blocks": 0.0
        }
    }
}