{
    "fpd_attempts_observed": {
        "n_of_results": 937,
        "sum": {
            "BrowserProperties": 307915,
            "AlgorithmicMethods": 216405,
            "CrawlFpInspector": 7582
        },
        "average": {
            "BrowserProperties": 328.6179295624333,
            "AlgorithmicMethods": 230.95517609391675,
            "CrawlFpInspector": 8.091782283884738
        }
    },
    "fpd_attempts_blocked_directly": {
        "n_of_results": 937,
        "sum": {
            "BrowserProperties": 64750,
            "AlgorithmicMethods": 1286,
            "CrawlFpInspector": 707
        },
        "average": {
            "BrowserProperties": 69.10352187833512,
            "AlgorithmicMethods": 1.3724653148345785,
            "CrawlFpInspector": 0.7545357524012807
        }
    },
    "fpd_attempts_blocked_transitively": {
        "n_of_results": 937,
        "sum": {
            "BrowserProperties": 135890,
            "AlgorithmicMethods": 4986,
            "CrawlFpInspector": 1332
        },
        "average": {
            "BrowserProperties": 145.02668089647813,
            "AlgorithmicMethods": 5.321237993596585,
            "CrawlFpInspector": 1.4215581643543223
        }
    },
    "fpd_attempts_blocked_in_total": {
        "n_of_results": 937,
        "sum": {
            "BrowserProperties": 200640,
            "AlgorithmicMethods": 6272,
            "CrawlFpInspector": 2039
        },
        "average": {
            "BrowserProperties": 214.13020277481323,
            "AlgorithmicMethods": 6.6937033084311635,
            "CrawlFpInspector": 2.176093916755603
        }
    },
    "requests_observed": {
        "n_of_results": 937,
        "sum": 100825,
        "average": 107.60405549626468
    },
    "requests_blocked_directly": {
        "n_of_results": 937,
        "sum": 9242,
        "average": 9.863393810032017
    },
    "requests_blocked_in_total": {
        "n_of_results": 937,
        "sum": 24384,
        "average": 26.023479188900748
    },
    "requests_blocked_transitively": {
        "n_of_results": 937,
        "sum": 15142,
        "average": 16.16008537886873
    },
    "requests_blocked_that_have_child_requests": {
        "n_of_results": 937,
        "sum": 1855,
        "average": 1.9797225186766276
    },
    "average_request_block_level": {
        "n_of_results": 937,
        "sum": 2637.903666099679,
        "average": 2.815265385378526
    },
    "blocked_subtrees_data": {
        "n_of_results": 937,
        "sum": {
            "subtrees_fully_blocked": 6121,
            "subtrees_partially_blocked": 713,
            "subtrees_not_blocked": 52784,
            "subtrees_in_total": 59618,
            "trees_blocked_because_root_node": 0
        },
        "average": {
            "subtrees_fully_blocked": 6.532550693703309,
            "subtrees_partially_blocked": 0.7609391675560299,
            "subtrees_not_blocked": 56.33297758804696,
            "subtrees_in_total": 63.6264674493063,
            "trees_blocked_because_root_node": 0.0
        }
    }
}