{
    "total_fpd_attempts": {
        "n_of_results": 904,
        "sum": {
            "BrowserProperties": 309821,
            "AlgorithmicMethods": 178460,
            "CrawlFpInspector": 8475
        },
        "average": {
            "BrowserProperties": 342.7223451327434,
            "AlgorithmicMethods": 197.41150442477877,
            "CrawlFpInspector": 9.375
        }
    },
    "direct_fpd_blocked": {
        "n_of_results": 904,
        "sum": {
            "BrowserProperties": 71114,
            "AlgorithmicMethods": 1519,
            "CrawlFpInspector": 1331
        },
        "average": {
            "BrowserProperties": 78.66592920353982,
            "AlgorithmicMethods": 1.6803097345132743,
            "CrawlFpInspector": 1.4723451327433628
        }
    },
    "total_fpd_blocked": {
        "n_of_results": 904,
        "sum": {
            "BrowserProperties": 195184,
            "AlgorithmicMethods": 5826,
            "CrawlFpInspector": 2899
        },
        "average": {
            "BrowserProperties": 215.91150442477877,
            "AlgorithmicMethods": 6.4446902654867255,
            "CrawlFpInspector": 3.206858407079646
        }
    },
    "transitive_fpd_blocked": {
        "n_of_results": 904,
        "sum": {
            "BrowserProperties": 124070,
            "AlgorithmicMethods": 4307,
            "CrawlFpInspector": 1568
        },
        "average": {
            "BrowserProperties": 137.24557522123894,
            "AlgorithmicMethods": 4.764380530973451,
            "CrawlFpInspector": 1.7345132743362832
        }
    },
    "directly_blocked": {
        "n_of_results": 904,
        "sum": 8758,
        "average": 9.688053097345133
    },
    "total_requested": {
        "n_of_results": 904,
        "sum": 102528,
        "average": 113.41592920353982
    },
    "total_blocked": {
        "n_of_results": 904,
        "sum": 21684,
        "average": 23.986725663716815
    },
    "blocked_transitively": {
        "n_of_results": 904,
        "sum": 12926,
        "average": 14.298672566371682
    },
    "blocked_with_children": {
        "n_of_results": 904,
        "sum": 2367,
        "average": 2.618362831858407
    },
    "average_block_level": {
        "n_of_results": 904,
        "sum": 2821.064446135413,
        "average": 3.1206465112117403
    },
    "blocked_subtrees_data": {
        "n_of_results": 904,
        "sum": {
            "fully_blocked": 5689,
            "partially_blocked": 759,
            "not_blocked": 55666,
            "total_trees": 62114,
            "root_blocks": 0
        },
        "average": {
            "fully_blocked": 6.293141592920354,
            "partially_blocked": 0.8396017699115044,
            "not_blocked": 61.57743362831859,
            "total_trees": 68.71017699115045,
            "root_blocks": 0.0
        }
    }
}