{
    "total_fpd_attempts": {
        "n_of_results": 898,
        "sum": {
            "BrowserProperties": 304643,
            "AlgorithmicMethods": 174896,
            "CrawlFpInspector": 8358
        },
        "average": {
            "BrowserProperties": 339.24610244988867,
            "AlgorithmicMethods": 194.76169265033408,
            "CrawlFpInspector": 9.307349665924276
        }
    },
    "direct_fpd_blocked": {
        "n_of_results": 898,
        "sum": {
            "BrowserProperties": 70811,
            "AlgorithmicMethods": 1467,
            "CrawlFpInspector": 1311
        },
        "average": {
            "BrowserProperties": 78.85412026726058,
            "AlgorithmicMethods": 1.633630289532294,
            "CrawlFpInspector": 1.4599109131403119
        }
    },
    "total_fpd_blocked": {
        "n_of_results": 898,
        "sum": {
            "BrowserProperties": 189726,
            "AlgorithmicMethods": 5444,
            "CrawlFpInspector": 2488
        },
        "average": {
            "BrowserProperties": 211.27616926503342,
            "AlgorithmicMethods": 6.062360801781737,
            "CrawlFpInspector": 2.7706013363028954
        }
    },
    "transitive_fpd_blocked": {
        "n_of_results": 898,
        "sum": {
            "BrowserProperties": 118915,
            "AlgorithmicMethods": 3977,
            "CrawlFpInspector": 1177
        },
        "average": {
            "BrowserProperties": 132.42204899777283,
            "AlgorithmicMethods": 4.428730512249444,
            "CrawlFpInspector": 1.3106904231625836
        }
    },
    "directly_blocked": {
        "n_of_results": 898,
        "sum": 8739,
        "average": 9.731625835189309
    },
    "total_requested": {
        "n_of_results": 898,
        "sum": 100898,
        "average": 112.35857461024499
    },
    "total_blocked": {
        "n_of_results": 898,
        "sum": 20253,
        "average": 22.553452115812917
    },
    "blocked_transitively": {
        "n_of_results": 898,
        "sum": 11514,
        "average": 12.821826280623608
    },
    "blocked_with_children": {
        "n_of_results": 898,
        "sum": 1889,
        "average": 2.1035634743875278
    },
    "average_block_level": {
        "n_of_results": 898,
        "sum": 2821.7355469084746,
        "average": 3.142244484307878
    },
    "blocked_subtrees_data": {
        "n_of_results": 898,
        "sum": {
            "fully_blocked": 5668,
            "partially_blocked": 756,
            "not_blocked": 55589,
            "total_trees": 62013,
            "root_blocks": 0
        },
        "average": {
            "fully_blocked": 6.311804008908686,
            "partially_blocked": 0.8418708240534521,
            "not_blocked": 61.90311804008909,
            "total_trees": 69.05679287305122,
            "root_blocks": 0.0
        }
    }
}