{
    "fpd_attempts_observed": {
        "n_of_results": 937,
        "sum": {
            "BrowserProperties": 293498,
            "AlgorithmicMethods": 215418,
            "CrawlFpInspector": 6706
        },
        "average": {
            "BrowserProperties": 313.2315901814301,
            "AlgorithmicMethods": 229.90181430096052,
            "CrawlFpInspector": 7.1568836712913555
        }
    },
    "fpd_attempts_blocked_directly": {
        "n_of_results": 937,
        "sum": {
            "BrowserProperties": 26779,
            "AlgorithmicMethods": 783,
            "CrawlFpInspector": 619
        },
        "average": {
            "BrowserProperties": 28.579509071504802,
            "AlgorithmicMethods": 0.8356456776947705,
            "CrawlFpInspector": 0.6606189967982924
        }
    },
    "fpd_attempts_blocked_transitively": {
        "n_of_results": 937,
        "sum": {
            "BrowserProperties": 34322,
            "AlgorithmicMethods": 951,
            "CrawlFpInspector": 627
        },
        "average": {
            "BrowserProperties": 36.62966915688367,
            "AlgorithmicMethods": 1.0149413020277482,
            "CrawlFpInspector": 0.6691568836712913
        }
    },
    "fpd_attempts_blocked_in_total": {
        "n_of_results": 937,
        "sum": {
            "BrowserProperties": 61101,
            "AlgorithmicMethods": 1734,
            "CrawlFpInspector": 1246
        },
        "average": {
            "BrowserProperties": 65.20917822838847,
            "AlgorithmicMethods": 1.8505869797225187,
            "CrawlFpInspector": 1.3297758804695838
        }
    },
    "requests_observed": {
        "n_of_results": 937,
        "sum": 98244,
        "average": 104.8495197438634
    },
    "requests_blocked_directly": {
        "n_of_results": 937,
        "sum": 4541,
        "average": 4.84631803628602
    },
    "requests_blocked_in_total": {
        "n_of_results": 937,
        "sum": 9937,
        "average": 10.6051227321238
    },
    "requests_blocked_transitively": {
        "n_of_results": 937,
        "sum": 5396,
        "average": 5.75880469583778
    },
    "requests_blocked_that_have_child_requests": {
        "n_of_results": 937,
        "sum": 681,
        "average": 0.7267876200640342
    },
    "average_request_block_level": {
        "n_of_results": 588,
        "sum": 2157.203231923735,
        "average": 3.6687129794621343
    },
    "blocked_subtrees_data": {
        "n_of_results": 937,
        "sum": {
            "subtrees_fully_blocked": 2641,
            "subtrees_partially_blocked": 652,
            "subtrees_not_blocked": 57502,
            "subtrees_in_total": 60795,
            "trees_with_blocked_root_node": 2
        },
        "average": {
            "subtrees_fully_blocked": 2.818569903948773,
            "subtrees_partially_blocked": 0.695837780149413,
            "subtrees_not_blocked": 61.36819637139808,
            "subtrees_in_total": 64.88260405549626,
            "trees_with_blocked_root_node": 0.0021344717182497333
        }
    }
}