{
    "fpd_attempts_observed": {
        "n_of_results": 937,
        "sum": {
            "BrowserProperties": 293498,
            "AlgorithmicMethods": 215418,
            "CrawlFpInspector": 6706
        },
        "average": {
            "BrowserProperties": 313.2315901814301,
            "AlgorithmicMethods": 229.90181430096052,
            "CrawlFpInspector": 7.1568836712913555
        }
    },
    "fpd_attempts_blocked_directly": {
        "n_of_results": 937,
        "sum": {
            "BrowserProperties": 29012,
            "AlgorithmicMethods": 830,
            "CrawlFpInspector": 635
        },
        "average": {
            "BrowserProperties": 30.96264674493063,
            "AlgorithmicMethods": 0.8858057630736392,
            "CrawlFpInspector": 0.6776947705442903
        }
    },
    "fpd_attempts_blocked_transitively": {
        "n_of_results": 937,
        "sum": {
            "BrowserProperties": 39042,
            "AlgorithmicMethods": 1119,
            "CrawlFpInspector": 664
        },
        "average": {
            "BrowserProperties": 41.66702241195304,
            "AlgorithmicMethods": 1.1942369263607258,
            "CrawlFpInspector": 0.7086446104589115
        }
    },
    "fpd_attempts_blocked_in_total": {
        "n_of_results": 937,
        "sum": {
            "BrowserProperties": 68054,
            "AlgorithmicMethods": 1949,
            "CrawlFpInspector": 1299
        },
        "average": {
            "BrowserProperties": 72.62966915688366,
            "AlgorithmicMethods": 2.080042689434365,
            "CrawlFpInspector": 1.3863393810032016
        }
    },
    "requests_observed": {
        "n_of_results": 937,
        "sum": 98244,
        "average": 104.8495197438634
    },
    "requests_blocked_directly": {
        "n_of_results": 937,
        "sum": 4726,
        "average": 5.04375667022412
    },
    "requests_blocked_in_total": {
        "n_of_results": 937,
        "sum": 10973,
        "average": 11.710779082177162
    },
    "requests_blocked_transitively": {
        "n_of_results": 937,
        "sum": 6247,
        "average": 6.667022411953042
    },
    "requests_blocked_that_have_child_requests": {
        "n_of_results": 937,
        "sum": 720,
        "average": 0.768409818569904
    },
    "average_request_block_level": {
        "n_of_results": 591,
        "sum": 2164.809697063735,
        "average": 3.6629605703278085
    },
    "blocked_subtrees_data": {
        "n_of_results": 937,
        "sum": {
            "subtrees_fully_blocked": 2760,
            "subtrees_partially_blocked": 652,
            "subtrees_not_blocked": 57383,
            "subtrees_in_total": 60795,
            "trees_with_blocked_root_node": 3
        },
        "average": {
            "subtrees_fully_blocked": 2.945570971184632,
            "subtrees_partially_blocked": 0.695837780149413,
            "subtrees_not_blocked": 61.24119530416222,
            "subtrees_in_total": 64.88260405549626,
            "trees_with_blocked_root_node": 0.0032017075773745998
        }
    }
}