{
    "fpd_attempts_observed": {
        "n_of_results": 937,
        "sum": {
            "BrowserProperties": 294613,
            "AlgorithmicMethods": 215428,
            "CrawlFpInspector": 6828
        },
        "average": {
            "BrowserProperties": 314.42155816435434,
            "AlgorithmicMethods": 229.91248665955177,
            "CrawlFpInspector": 7.287086446104589
        }
    },
    "fpd_attempts_blocked_directly": {
        "n_of_results": 937,
        "sum": {
            "BrowserProperties": 26662,
            "AlgorithmicMethods": 783,
            "CrawlFpInspector": 619
        },
        "average": {
            "BrowserProperties": 28.454642475987193,
            "AlgorithmicMethods": 0.8356456776947705,
            "CrawlFpInspector": 0.6606189967982924
        }
    },
    "fpd_attempts_blocked_transitively": {
        "n_of_results": 937,
        "sum": {
            "BrowserProperties": 34283,
            "AlgorithmicMethods": 998,
            "CrawlFpInspector": 629
        },
        "average": {
            "BrowserProperties": 36.5880469583778,
            "AlgorithmicMethods": 1.0651013874066169,
            "CrawlFpInspector": 0.6712913553895411
        }
    },
    "fpd_attempts_blocked_in_total": {
        "n_of_results": 937,
        "sum": {
            "BrowserProperties": 60945,
            "AlgorithmicMethods": 1781,
            "CrawlFpInspector": 1248
        },
        "average": {
            "BrowserProperties": 65.04268943436499,
            "AlgorithmicMethods": 1.9007470651013874,
            "CrawlFpInspector": 1.3319103521878335
        }
    },
    "requests_observed": {
        "n_of_results": 937,
        "sum": 98333,
        "average": 104.94450373532551
    },
    "requests_blocked_directly": {
        "n_of_results": 937,
        "sum": 4552,
        "average": 4.8580576307363925
    },
    "requests_blocked_in_total": {
        "n_of_results": 937,
        "sum": 10033,
        "average": 10.707577374599786
    },
    "requests_blocked_transitively": {
        "n_of_results": 937,
        "sum": 5481,
        "average": 5.849519743863394
    },
    "requests_blocked_that_have_child_requests": {
        "n_of_results": 937,
        "sum": 682,
        "average": 0.727854855923159
    },
    "average_request_block_level": {
        "n_of_results": 937,
        "sum": 2172.5537966399106,
        "average": 2.318627317651986
    },
    "blocked_subtrees_data": {
        "n_of_results": 937,
        "sum": {
            "subtrees_fully_blocked": 2423,
            "subtrees_partially_blocked": 673,
            "subtrees_not_blocked": 56482,
            "subtrees_in_total": 59578,
            "trees_blocked_because_root_node": 2
        },
        "average": {
            "subtrees_fully_blocked": 2.5859124866595518,
            "subtrees_partially_blocked": 0.7182497331910352,
            "subtrees_not_blocked": 60.27961579509071,
            "subtrees_in_total": 63.5837780149413,
            "trees_blocked_because_root_node": 0.0021344717182497333
        }
    }
}