{
    "fpd_attempts_observed": {
        "n_of_results": 937,
        "sum": {
            "BrowserProperties": 293498,
            "AlgorithmicMethods": 215418,
            "CrawlFpInspector": 6706
        },
        "average": {
            "BrowserProperties": 313.2315901814301,
            "AlgorithmicMethods": 229.90181430096052,
            "CrawlFpInspector": 7.1568836712913555
        }
    },
    "fpd_attempts_blocked_directly": {
        "n_of_results": 937,
        "sum": {
            "BrowserProperties": 26780,
            "AlgorithmicMethods": 783,
            "CrawlFpInspector": 619
        },
        "average": {
            "BrowserProperties": 28.580576307363927,
            "AlgorithmicMethods": 0.8356456776947705,
            "CrawlFpInspector": 0.6606189967982924
        }
    },
    "fpd_attempts_blocked_transitively": {
        "n_of_results": 937,
        "sum": {
            "BrowserProperties": 34467,
            "AlgorithmicMethods": 998,
            "CrawlFpInspector": 629
        },
        "average": {
            "BrowserProperties": 36.784418356456776,
            "AlgorithmicMethods": 1.0651013874066169,
            "CrawlFpInspector": 0.6712913553895411
        }
    },
    "fpd_attempts_blocked_in_total": {
        "n_of_results": 937,
        "sum": {
            "BrowserProperties": 61247,
            "AlgorithmicMethods": 1781,
            "CrawlFpInspector": 1248
        },
        "average": {
            "BrowserProperties": 65.36499466382071,
            "AlgorithmicMethods": 1.9007470651013874,
            "CrawlFpInspector": 1.3319103521878335
        }
    },
    "requests_observed": {
        "n_of_results": 937,
        "sum": 98017,
        "average": 104.60725720384205
    },
    "requests_blocked_directly": {
        "n_of_results": 937,
        "sum": 4552,
        "average": 4.8580576307363925
    },
    "requests_blocked_in_total": {
        "n_of_results": 937,
        "sum": 10030,
        "average": 10.704375667022411
    },
    "requests_blocked_transitively": {
        "n_of_results": 937,
        "sum": 5478,
        "average": 5.84631803628602
    },
    "requests_blocked_that_have_child_requests": {
        "n_of_results": 937,
        "sum": 682,
        "average": 0.727854855923159
    },
    "average_request_block_level": {
        "n_of_results": 589,
        "sum": 2160.748686469189,
        "average": 3.6685037121717983
    },
    "blocked_subtrees_data": {
        "n_of_results": 937,
        "sum": {
            "subtrees_fully_blocked": 2642,
            "subtrees_partially_blocked": 653,
            "subtrees_not_blocked": 57280,
            "subtrees_in_total": 60575,
            "trees_with_blocked_root_node": 2
        },
        "average": {
            "subtrees_fully_blocked": 2.8196371398078974,
            "subtrees_partially_blocked": 0.6969050160085379,
            "subtrees_not_blocked": 61.13127001067236,
            "subtrees_in_total": 64.64781216648879,
            "trees_with_blocked_root_node": 0.0021344717182497333
        }
    }
}