{
    "fpd_attempts_observed": {
        "n_of_results": 937,
        "sum": {
            "BrowserProperties": 293498,
            "AlgorithmicMethods": 215418,
            "CrawlFpInspector": 6706
        },
        "average": {
            "BrowserProperties": 313.2315901814301,
            "AlgorithmicMethods": 229.90181430096052,
            "CrawlFpInspector": 7.1568836712913555
        }
    },
    "fpd_attempts_blocked_directly": {
        "n_of_results": 937,
        "sum": {
            "BrowserProperties": 54748,
            "AlgorithmicMethods": 1143,
            "CrawlFpInspector": 1170
        },
        "average": {
            "BrowserProperties": 58.4290288153682,
            "AlgorithmicMethods": 1.2198505869797225,
            "CrawlFpInspector": 1.248665955176094
        }
    },
    "fpd_attempts_blocked_transitively": {
        "n_of_results": 937,
        "sum": {
            "BrowserProperties": 102725,
            "AlgorithmicMethods": 4200,
            "CrawlFpInspector": 1501
        },
        "average": {
            "BrowserProperties": 109.63180362860192,
            "AlgorithmicMethods": 4.482390608324439,
            "CrawlFpInspector": 1.6019210245464248
        }
    },
    "fpd_attempts_blocked_in_total": {
        "n_of_results": 937,
        "sum": {
            "BrowserProperties": 157473,
            "AlgorithmicMethods": 5343,
            "CrawlFpInspector": 2671
        },
        "average": {
            "BrowserProperties": 168.06083244397013,
            "AlgorithmicMethods": 5.702241195304162,
            "CrawlFpInspector": 2.8505869797225185
        }
    },
    "requests_observed": {
        "n_of_results": 937,
        "sum": 98244,
        "average": 104.8495197438634
    },
    "requests_blocked_directly": {
        "n_of_results": 937,
        "sum": 9331,
        "average": 9.95837780149413
    },
    "requests_blocked_in_total": {
        "n_of_results": 937,
        "sum": 21328,
        "average": 22.762006403415153
    },
    "requests_blocked_transitively": {
        "n_of_results": 937,
        "sum": 11997,
        "average": 12.803628601921025
    },
    "requests_blocked_that_have_child_requests": {
        "n_of_results": 937,
        "sum": 1833,
        "average": 1.9562433297758806
    },
    "average_request_block_level": {
        "n_of_results": 810,
        "sum": 2788.8508650114,
        "average": 3.443025759273333
    },
    "blocked_subtrees_data": {
        "n_of_results": 937,
        "sum": {
            "subtrees_fully_blocked": 5941,
            "subtrees_partially_blocked": 995,
            "subtrees_not_blocked": 53859,
            "subtrees_in_total": 60795,
            "trees_with_blocked_root_node": 1
        },
        "average": {
            "subtrees_fully_blocked": 6.340448239060833,
            "subtrees_partially_blocked": 1.0618996798292422,
            "subtrees_not_blocked": 57.48025613660619,
            "subtrees_in_total": 64.88260405549626,
            "trees_with_blocked_root_node": 0.0010672358591248667
        }
    }
}