{
    "fpd_attempts_observed": {
        "n_of_results": 937,
        "sum": {
            "BrowserProperties": 293498,
            "AlgorithmicMethods": 215418,
            "CrawlFpInspector": 6706
        },
        "average": {
            "BrowserProperties": 313.2315901814301,
            "AlgorithmicMethods": 229.90181430096052,
            "CrawlFpInspector": 7.1568836712913555
        }
    },
    "fpd_attempts_blocked_directly": {
        "n_of_results": 937,
        "sum": {
            "BrowserProperties": 53194,
            "AlgorithmicMethods": 3084,
            "CrawlFpInspector": 1154
        },
        "average": {
            "BrowserProperties": 56.77054429028816,
            "AlgorithmicMethods": 3.2913553895410885,
            "CrawlFpInspector": 1.231590181430096
        }
    },
    "fpd_attempts_blocked_transitively": {
        "n_of_results": 937,
        "sum": {
            "BrowserProperties": 98091,
            "AlgorithmicMethods": 6405,
            "CrawlFpInspector": 1278
        },
        "average": {
            "BrowserProperties": 104.68623265741729,
            "AlgorithmicMethods": 6.835645677694771,
            "CrawlFpInspector": 1.3639274279615796
        }
    },
    "fpd_attempts_blocked_in_total": {
        "n_of_results": 937,
        "sum": {
            "BrowserProperties": 151285,
            "AlgorithmicMethods": 9489,
            "CrawlFpInspector": 2432
        },
        "average": {
            "BrowserProperties": 161.45677694770544,
            "AlgorithmicMethods": 10.12700106723586,
            "CrawlFpInspector": 2.5955176093916754
        }
    },
    "requests_observed": {
        "n_of_results": 937,
        "sum": 98244,
        "average": 104.8495197438634
    },
    "requests_blocked_directly": {
        "n_of_results": 937,
        "sum": 8783,
        "average": 9.373532550693703
    },
    "requests_blocked_in_total": {
        "n_of_results": 937,
        "sum": 19779,
        "average": 21.108858057630737
    },
    "requests_blocked_transitively": {
        "n_of_results": 937,
        "sum": 10996,
        "average": 11.735325506937032
    },
    "requests_blocked_that_have_child_requests": {
        "n_of_results": 937,
        "sum": 1793,
        "average": 1.9135538954108857
    },
    "average_request_block_level": {
        "n_of_results": 805,
        "sum": 2791.751389147936,
        "average": 3.4680141480098587
    },
    "blocked_subtrees_data": {
        "n_of_results": 937,
        "sum": {
            "subtrees_fully_blocked": 5334,
            "subtrees_partially_blocked": 1014,
            "subtrees_not_blocked": 53233,
            "subtrees_in_total": 59581,
            "trees_with_blocked_root_node": 1
        },
        "average": {
            "subtrees_fully_blocked": 5.692636072572038,
            "subtrees_partially_blocked": 1.0821771611526148,
            "subtrees_not_blocked": 56.81216648879403,
            "subtrees_in_total": 63.58697972251868,
            "trees_with_blocked_root_node": 0.0010672358591248667
        }
    }
}