{
    "fpd_attempts_observed": {
        "n_of_results": 937,
        "sum": {
            "BrowserProperties": 293498,
            "AlgorithmicMethods": 215418,
            "CrawlFpInspector": 6706
        },
        "average": {
            "BrowserProperties": 313.2315901814301,
            "AlgorithmicMethods": 229.90181430096052,
            "CrawlFpInspector": 7.1568836712913555
        }
    },
    "fpd_attempts_blocked_directly": {
        "n_of_results": 937,
        "sum": {
            "BrowserProperties": 53190,
            "AlgorithmicMethods": 1084,
            "CrawlFpInspector": 1154
        },
        "average": {
            "BrowserProperties": 56.76627534685166,
            "AlgorithmicMethods": 1.1568836712913555,
            "CrawlFpInspector": 1.231590181430096
        }
    },
    "fpd_attempts_blocked_transitively": {
        "n_of_results": 937,
        "sum": {
            "BrowserProperties": 98040,
            "AlgorithmicMethods": 4033,
            "CrawlFpInspector": 1278
        },
        "average": {
            "BrowserProperties": 104.63180362860192,
            "AlgorithmicMethods": 4.304162219850587,
            "CrawlFpInspector": 1.3639274279615796
        }
    },
    "fpd_attempts_blocked_in_total": {
        "n_of_results": 937,
        "sum": {
            "BrowserProperties": 151230,
            "AlgorithmicMethods": 5117,
            "CrawlFpInspector": 2432
        },
        "average": {
            "BrowserProperties": 161.3980789754536,
            "AlgorithmicMethods": 5.461045891141942,
            "CrawlFpInspector": 2.5955176093916754
        }
    },
    "requests_observed": {
        "n_of_results": 937,
        "sum": 98017,
        "average": 104.60725720384205
    },
    "requests_blocked_directly": {
        "n_of_results": 937,
        "sum": 8788,
        "average": 9.378868729989328
    },
    "requests_blocked_in_total": {
        "n_of_results": 937,
        "sum": 19723,
        "average": 21.049092849519745
    },
    "requests_blocked_transitively": {
        "n_of_results": 937,
        "sum": 10935,
        "average": 11.670224119530417
    },
    "requests_blocked_that_have_child_requests": {
        "n_of_results": 937,
        "sum": 1790,
        "average": 1.9103521878335112
    },
    "average_request_block_level": {
        "n_of_results": 805,
        "sum": 2776.2918315202555,
        "average": 3.448809728596591
    },
    "blocked_subtrees_data": {
        "n_of_results": 937,
        "sum": {
            "subtrees_fully_blocked": 5683,
            "subtrees_partially_blocked": 972,
            "subtrees_not_blocked": 53920,
            "subtrees_in_total": 60575,
            "trees_with_blocked_root_node": 1
        },
        "average": {
            "subtrees_fully_blocked": 6.065101387406617,
            "subtrees_partially_blocked": 1.0373532550693703,
            "subtrees_not_blocked": 57.54535752401281,
            "subtrees_in_total": 64.64781216648879,
            "trees_with_blocked_root_node": 0.0010672358591248667
        }
    }
}