{
    "fpd_attempts_observed": {
        "n_of_results": 937,
        "sum": {
            "BrowserProperties": 293498,
            "AlgorithmicMethods": 215418,
            "CrawlFpInspector": 6706
        },
        "average": {
            "BrowserProperties": 313.2315901814301,
            "AlgorithmicMethods": 229.90181430096052,
            "CrawlFpInspector": 7.1568836712913555
        }
    },
    "fpd_attempts_blocked_directly": {
        "n_of_results": 937,
        "sum": {
            "BrowserProperties": 53547,
            "AlgorithmicMethods": 1144,
            "CrawlFpInspector": 759
        },
        "average": {
            "BrowserProperties": 57.14727854855923,
            "AlgorithmicMethods": 1.2209178228388473,
            "CrawlFpInspector": 0.8100320170757738
        }
    },
    "fpd_attempts_blocked_transitively": {
        "n_of_results": 937,
        "sum": {
            "BrowserProperties": 102218,
            "AlgorithmicMethods": 2160,
            "CrawlFpInspector": 1307
        },
        "average": {
            "BrowserProperties": 109.09071504802561,
            "AlgorithmicMethods": 2.305229455709712,
            "CrawlFpInspector": 1.3948772678762007
        }
    },
    "fpd_attempts_blocked_in_total": {
        "n_of_results": 937,
        "sum": {
            "BrowserProperties": 155765,
            "AlgorithmicMethods": 3304,
            "CrawlFpInspector": 2066
        },
        "average": {
            "BrowserProperties": 166.23799359658486,
            "AlgorithmicMethods": 3.5261472785485592,
            "CrawlFpInspector": 2.2049092849519742
        }
    },
    "requests_observed": {
        "n_of_results": 937,
        "sum": 98244,
        "average": 104.8495197438634
    },
    "requests_blocked_directly": {
        "n_of_results": 937,
        "sum": 9102,
        "average": 9.713980789754535
    },
    "requests_blocked_in_total": {
        "n_of_results": 937,
        "sum": 20656,
        "average": 22.044823906083245
    },
    "requests_blocked_transitively": {
        "n_of_results": 937,
        "sum": 11554,
        "average": 12.330843116328708
    },
    "requests_blocked_that_have_child_requests": {
        "n_of_results": 937,
        "sum": 1752,
        "average": 1.8697972251867663
    },
    "average_request_block_level": {
        "n_of_results": 800,
        "sum": 2736.3348411061124,
        "average": 3.4204185513826406
    },
    "blocked_subtrees_data": {
        "n_of_results": 937,
        "sum": {
            "subtrees_fully_blocked": 5843,
            "subtrees_partially_blocked": 924,
            "subtrees_not_blocked": 54028,
            "subtrees_in_total": 60795,
            "trees_with_blocked_root_node": 0
        },
        "average": {
            "subtrees_fully_blocked": 6.235859124866596,
            "subtrees_partially_blocked": 0.9861259338313767,
            "subtrees_not_blocked": 57.66061899679829,
            "subtrees_in_total": 64.88260405549626,
            "trees_with_blocked_root_node": 0.0
        }
    }
}