{
    "fpd_attempts_observed": {
        "n_of_results": 937,
        "sum": {
            "BrowserProperties": 294613,
            "AlgorithmicMethods": 215428,
            "CrawlFpInspector": 6828
        },
        "average": {
            "BrowserProperties": 314.42155816435434,
            "AlgorithmicMethods": 229.91248665955177,
            "CrawlFpInspector": 7.287086446104589
        }
    },
    "fpd_attempts_blocked_directly": {
        "n_of_results": 937,
        "sum": {
            "BrowserProperties": 20780,
            "AlgorithmicMethods": 561,
            "CrawlFpInspector": 625
        },
        "average": {
            "BrowserProperties": 22.177161152614726,
            "AlgorithmicMethods": 0.5987193169690501,
            "CrawlFpInspector": 0.6670224119530416
        }
    },
    "fpd_attempts_blocked_transitively": {
        "n_of_results": 937,
        "sum": {
            "BrowserProperties": 28355,
            "AlgorithmicMethods": 850,
            "CrawlFpInspector": 285
        },
        "average": {
            "BrowserProperties": 30.26147278548559,
            "AlgorithmicMethods": 0.9071504802561366,
            "CrawlFpInspector": 0.304162219850587
        }
    },
    "fpd_attempts_blocked_in_total": {
        "n_of_results": 937,
        "sum": {
            "BrowserProperties": 49135,
            "AlgorithmicMethods": 1411,
            "CrawlFpInspector": 910
        },
        "average": {
            "BrowserProperties": 52.43863393810032,
            "AlgorithmicMethods": 1.5058697972251867,
            "CrawlFpInspector": 0.9711846318036286
        }
    },
    "requests_observed": {
        "n_of_results": 937,
        "sum": 98333,
        "average": 104.94450373532551
    },
    "requests_blocked_directly": {
        "n_of_results": 937,
        "sum": 3874,
        "average": 4.134471718249733
    },
    "requests_blocked_in_total": {
        "n_of_results": 937,
        "sum": 7707,
        "average": 8.225186766275346
    },
    "requests_blocked_transitively": {
        "n_of_results": 937,
        "sum": 3833,
        "average": 4.090715048025614
    },
    "requests_blocked_that_have_child_requests": {
        "n_of_results": 937,
        "sum": 569,
        "average": 0.6072572038420491
    },
    "average_request_block_level": {
        "n_of_results": 937,
        "sum": 1683.3434682464406,
        "average": 1.7965245125362226
    },
    "blocked_subtrees_data": {
        "n_of_results": 937,
        "sum": {
            "subtrees_fully_blocked": 1575,
            "subtrees_partially_blocked": 531,
            "subtrees_not_blocked": 57472,
            "subtrees_in_total": 59578,
            "trees_blocked_because_root_node": 0
        },
        "average": {
            "subtrees_fully_blocked": 1.6808964781216649,
            "subtrees_partially_blocked": 0.5667022411953042,
            "subtrees_not_blocked": 61.33617929562433,
            "subtrees_in_total": 63.5837780149413,
            "trees_blocked_because_root_node": 0.0
        }
    }
}