{
    "fpd_attempts_observed": {
        "n_of_results": 937,
        "sum": {
            "BrowserProperties": 293498,
            "AlgorithmicMethods": 215418,
            "CrawlFpInspector": 6706
        },
        "average": {
            "BrowserProperties": 313.2315901814301,
            "AlgorithmicMethods": 229.90181430096052,
            "CrawlFpInspector": 7.1568836712913555
        }
    },
    "fpd_attempts_blocked_directly": {
        "n_of_results": 937,
        "sum": {
            "BrowserProperties": 36933,
            "AlgorithmicMethods": 1332,
            "CrawlFpInspector": 664
        },
        "average": {
            "BrowserProperties": 39.4162219850587,
            "AlgorithmicMethods": 1.4215581643543223,
            "CrawlFpInspector": 0.7086446104589115
        }
    },
    "fpd_attempts_blocked_transitively": {
        "n_of_results": 937,
        "sum": {
            "BrowserProperties": 76997,
            "AlgorithmicMethods": 9913,
            "CrawlFpInspector": 1522
        },
        "average": {
            "BrowserProperties": 82.17395944503735,
            "AlgorithmicMethods": 10.579509071504802,
            "CrawlFpInspector": 1.624332977588047
        }
    },
    "fpd_attempts_blocked_in_total": {
        "n_of_results": 937,
        "sum": {
            "BrowserProperties": 113930,
            "AlgorithmicMethods": 11245,
            "CrawlFpInspector": 2186
        },
        "average": {
            "BrowserProperties": 121.59018143009605,
            "AlgorithmicMethods": 12.001067235859125,
            "CrawlFpInspector": 2.3329775880469583
        }
    },
    "requests_observed": {
        "n_of_results": 937,
        "sum": 98244,
        "average": 104.8495197438634
    },
    "requests_blocked_directly": {
        "n_of_results": 937,
        "sum": 8288,
        "average": 8.845250800426895
    },
    "requests_blocked_in_total": {
        "n_of_results": 937,
        "sum": 20857,
        "average": 22.259338313767344
    },
    "requests_blocked_transitively": {
        "n_of_results": 937,
        "sum": 12569,
        "average": 13.414087513340448
    },
    "requests_blocked_that_have_child_requests": {
        "n_of_results": 937,
        "sum": 1648,
        "average": 1.75880469583778
    },
    "average_request_block_level": {
        "n_of_results": 753,
        "sum": 2690.9086417944304,
        "average": 3.573583853644662
    },
    "blocked_subtrees_data": {
        "n_of_results": 937,
        "sum": {
            "subtrees_fully_blocked": 6692,
            "subtrees_partially_blocked": 1007,
            "subtrees_not_blocked": 53096,
            "subtrees_in_total": 60795,
            "trees_with_blocked_root_node": 31
        },
        "average": {
            "subtrees_fully_blocked": 7.1419423692636075,
            "subtrees_partially_blocked": 1.0747065101387407,
            "subtrees_not_blocked": 56.66595517609392,
            "subtrees_in_total": 64.88260405549626,
            "trees_with_blocked_root_node": 0.033084311632870865
        }
    }
}