{
    "fpd_attempts_observed": {
        "n_of_results": 937,
        "sum": {
            "BrowserProperties": 293498,
            "AlgorithmicMethods": 215418,
            "CrawlFpInspector": 6706
        },
        "average": {
            "BrowserProperties": 313.2315901814301,
            "AlgorithmicMethods": 229.90181430096052,
            "CrawlFpInspector": 7.1568836712913555
        }
    },
    "fpd_attempts_blocked_directly": {
        "n_of_results": 937,
        "sum": {
            "BrowserProperties": 52403,
            "AlgorithmicMethods": 1083,
            "CrawlFpInspector": 742
        },
        "average": {
            "BrowserProperties": 55.926360725720386,
            "AlgorithmicMethods": 1.1558164354322304,
            "CrawlFpInspector": 0.791889007470651
        }
    },
    "fpd_attempts_blocked_transitively": {
        "n_of_results": 937,
        "sum": {
            "BrowserProperties": 97763,
            "AlgorithmicMethods": 2009,
            "CrawlFpInspector": 1270
        },
        "average": {
            "BrowserProperties": 104.33617929562433,
            "AlgorithmicMethods": 2.144076840981857,
            "CrawlFpInspector": 1.3553895410885806
        }
    },
    "fpd_attempts_blocked_in_total": {
        "n_of_results": 937,
        "sum": {
            "BrowserProperties": 150166,
            "AlgorithmicMethods": 3092,
            "CrawlFpInspector": 2012
        },
        "average": {
            "BrowserProperties": 160.2625400213447,
            "AlgorithmicMethods": 3.2998932764140876,
            "CrawlFpInspector": 2.1472785485592314
        }
    },
    "requests_observed": {
        "n_of_results": 937,
        "sum": 98017,
        "average": 104.60725720384205
    },
    "requests_blocked_directly": {
        "n_of_results": 937,
        "sum": 8629,
        "average": 9.209178228388474
    },
    "requests_blocked_in_total": {
        "n_of_results": 937,
        "sum": 18992,
        "average": 20.268943436499466
    },
    "requests_blocked_transitively": {
        "n_of_results": 937,
        "sum": 10363,
        "average": 11.059765208110992
    },
    "requests_blocked_that_have_child_requests": {
        "n_of_results": 937,
        "sum": 1713,
        "average": 1.8281750266808965
    },
    "average_request_block_level": {
        "n_of_results": 789,
        "sum": 2702.9535169327905,
        "average": 3.425796599407846
    },
    "blocked_subtrees_data": {
        "n_of_results": 937,
        "sum": {
            "subtrees_fully_blocked": 5619,
            "subtrees_partially_blocked": 897,
            "subtrees_not_blocked": 54059,
            "subtrees_in_total": 60575,
            "trees_with_blocked_root_node": 0
        },
        "average": {
            "subtrees_fully_blocked": 5.996798292422626,
            "subtrees_partially_blocked": 0.9573105656350054,
            "subtrees_not_blocked": 57.69370330843116,
            "subtrees_in_total": 64.64781216648879,
            "trees_with_blocked_root_node": 0.0
        }
    }
}