{
    "fpd_attempts_observed": {
        "n_of_results": 937,
        "sum": {
            "BrowserProperties": 293498,
            "AlgorithmicMethods": 215418,
            "CrawlFpInspector": 6706
        },
        "average": {
            "BrowserProperties": 313.2315901814301,
            "AlgorithmicMethods": 229.90181430096052,
            "CrawlFpInspector": 7.1568836712913555
        }
    },
    "fpd_attempts_blocked_directly": {
        "n_of_results": 937,
        "sum": {
            "BrowserProperties": 36845,
            "AlgorithmicMethods": 1264,
            "CrawlFpInspector": 655
        },
        "average": {
            "BrowserProperties": 39.32230522945571,
            "AlgorithmicMethods": 1.3489861259338314,
            "CrawlFpInspector": 0.6990394877267876
        }
    },
    "fpd_attempts_blocked_transitively": {
        "n_of_results": 937,
        "sum": {
            "BrowserProperties": 67354,
            "AlgorithmicMethods": 8601,
            "CrawlFpInspector": 1310
        },
        "average": {
            "BrowserProperties": 71.88260405549626,
            "AlgorithmicMethods": 9.179295624332978,
            "CrawlFpInspector": 1.3980789754535752
        }
    },
    "fpd_attempts_blocked_in_total": {
        "n_of_results": 937,
        "sum": {
            "BrowserProperties": 104199,
            "AlgorithmicMethods": 9865,
            "CrawlFpInspector": 1965
        },
        "average": {
            "BrowserProperties": 111.20490928495198,
            "AlgorithmicMethods": 10.528281750266808,
            "CrawlFpInspector": 2.097118463180363
        }
    },
    "requests_observed": {
        "n_of_results": 937,
        "sum": 98017,
        "average": 104.60725720384205
    },
    "requests_blocked_directly": {
        "n_of_results": 937,
        "sum": 8362,
        "average": 8.924226254002134
    },
    "requests_blocked_in_total": {
        "n_of_results": 937,
        "sum": 18931,
        "average": 20.20384204909285
    },
    "requests_blocked_transitively": {
        "n_of_results": 937,
        "sum": 10569,
        "average": 11.279615795090715
    },
    "requests_blocked_that_have_child_requests": {
        "n_of_results": 937,
        "sum": 1630,
        "average": 1.7395944503735326
    },
    "average_request_block_level": {
        "n_of_results": 750,
        "sum": 2702.117009704928,
        "average": 3.6028226796065708
    },
    "blocked_subtrees_data": {
        "n_of_results": 937,
        "sum": {
            "subtrees_fully_blocked": 6516,
            "subtrees_partially_blocked": 1017,
            "subtrees_not_blocked": 53042,
            "subtrees_in_total": 60575,
            "trees_with_blocked_root_node": 31
        },
        "average": {
            "subtrees_fully_blocked": 6.954108858057631,
            "subtrees_partially_blocked": 1.0853788687299892,
            "subtrees_not_blocked": 56.60832443970117,
            "subtrees_in_total": 64.64781216648879,
            "trees_with_blocked_root_node": 0.033084311632870865
        }
    }
}