{
    "fpd_attempts_observed": {
        "n_of_results": 937,
        "sum": {
            "BrowserProperties": 293498,
            "AlgorithmicMethods": 215418,
            "CrawlFpInspector": 6706
        },
        "average": {
            "BrowserProperties": 313.2315901814301,
            "AlgorithmicMethods": 229.90181430096052,
            "CrawlFpInspector": 7.1568836712913555
        }
    },
    "fpd_attempts_blocked_directly": {
        "n_of_results": 937,
        "sum": {
            "BrowserProperties": 64040,
            "AlgorithmicMethods": 1235,
            "CrawlFpInspector": 691
        },
        "average": {
            "BrowserProperties": 68.34578441835646,
            "AlgorithmicMethods": 1.3180362860192103,
            "CrawlFpInspector": 0.7374599786552828
        }
    },
    "fpd_attempts_blocked_transitively": {
        "n_of_results": 937,
        "sum": {
            "BrowserProperties": 114273,
            "AlgorithmicMethods": 3624,
            "CrawlFpInspector": 1117
        },
        "average": {
            "BrowserProperties": 121.95624332977589,
            "AlgorithmicMethods": 3.8676627534685166,
            "CrawlFpInspector": 1.1921024546424759
        }
    },
    "fpd_attempts_blocked_in_total": {
        "n_of_results": 937,
        "sum": {
            "BrowserProperties": 178313,
            "AlgorithmicMethods": 4859,
            "CrawlFpInspector": 1808
        },
        "average": {
            "BrowserProperties": 190.30202774813233,
            "AlgorithmicMethods": 5.1856990394877265,
            "CrawlFpInspector": 1.9295624332977588
        }
    },
    "requests_observed": {
        "n_of_results": 937,
        "sum": 98017,
        "average": 104.60725720384205
    },
    "requests_blocked_directly": {
        "n_of_results": 937,
        "sum": 8813,
        "average": 9.40554962646745
    },
    "requests_blocked_in_total": {
        "n_of_results": 937,
        "sum": 20353,
        "average": 21.72145144076841
    },
    "requests_blocked_transitively": {
        "n_of_results": 937,
        "sum": 11540,
        "average": 12.315901814300961
    },
    "requests_blocked_that_have_child_requests": {
        "n_of_results": 937,
        "sum": 1806,
        "average": 1.9274279615795091
    },
    "average_request_block_level": {
        "n_of_results": 786,
        "sum": 2591.4304345542714,
        "average": 3.296985285692457
    },
    "blocked_subtrees_data": {
        "n_of_results": 937,
        "sum": {
            "subtrees_fully_blocked": 6177,
            "subtrees_partially_blocked": 650,
            "subtrees_not_blocked": 53748,
            "subtrees_in_total": 60575,
            "trees_with_blocked_root_node": 0
        },
        "average": {
            "subtrees_fully_blocked": 6.592315901814301,
            "subtrees_partially_blocked": 0.6937033084311632,
            "subtrees_not_blocked": 57.36179295624333,
            "subtrees_in_total": 64.64781216648879,
            "trees_with_blocked_root_node": 0.0
        }
    }
}