{
    "fpd_attempts_observed": {
        "n_of_results": 937,
        "sum": {
            "BrowserProperties": 293498,
            "AlgorithmicMethods": 215418,
            "CrawlFpInspector": 6706
        },
        "average": {
            "BrowserProperties": 313.2315901814301,
            "AlgorithmicMethods": 229.90181430096052,
            "CrawlFpInspector": 7.1568836712913555
        }
    },
    "fpd_attempts_blocked_directly": {
        "n_of_results": 937,
        "sum": {
            "BrowserProperties": 52403,
            "AlgorithmicMethods": 1083,
            "CrawlFpInspector": 742
        },
        "average": {
            "BrowserProperties": 55.926360725720386,
            "AlgorithmicMethods": 1.1558164354322304,
            "CrawlFpInspector": 0.791889007470651
        }
    },
    "fpd_attempts_blocked_transitively": {
        "n_of_results": 937,
        "sum": {
            "BrowserProperties": 98008,
            "AlgorithmicMethods": 2067,
            "CrawlFpInspector": 1272
        },
        "average": {
            "BrowserProperties": 104.59765208110993,
            "AlgorithmicMethods": 2.2059765208110993,
            "CrawlFpInspector": 1.3575240128068302
        }
    },
    "fpd_attempts_blocked_in_total": {
        "n_of_results": 937,
        "sum": {
            "BrowserProperties": 150411,
            "AlgorithmicMethods": 3150,
            "CrawlFpInspector": 2014
        },
        "average": {
            "BrowserProperties": 160.5240128068303,
            "AlgorithmicMethods": 3.3617929562433297,
            "CrawlFpInspector": 2.1494130202774815
        }
    },
    "requests_observed": {
        "n_of_results": 937,
        "sum": 98017,
        "average": 104.60725720384205
    },
    "requests_blocked_directly": {
        "n_of_results": 937,
        "sum": 8629,
        "average": 9.209178228388474
    },
    "requests_blocked_in_total": {
        "n_of_results": 937,
        "sum": 19165,
        "average": 20.453575240128067
    },
    "requests_blocked_transitively": {
        "n_of_results": 937,
        "sum": 10536,
        "average": 11.244397011739595
    },
    "requests_blocked_that_have_child_requests": {
        "n_of_results": 937,
        "sum": 1713,
        "average": 1.8281750266808965
    },
    "average_request_block_level": {
        "n_of_results": 789,
        "sum": 2702.9535169327905,
        "average": 3.425796599407846
    },
    "blocked_subtrees_data": {
        "n_of_results": 937,
        "sum": {
            "subtrees_fully_blocked": 5619,
            "subtrees_partially_blocked": 897,
            "subtrees_not_blocked": 54059,
            "subtrees_in_total": 60575,
            "trees_with_blocked_root_node": 0
        },
        "average": {
            "subtrees_fully_blocked": 5.996798292422626,
            "subtrees_partially_blocked": 0.9573105656350054,
            "subtrees_not_blocked": 57.69370330843116,
            "subtrees_in_total": 64.64781216648879,
            "trees_with_blocked_root_node": 0.0
        }
    }
}