{
    "fpd_attempts_observed": {
        "n_of_results": 937,
        "sum": {
            "BrowserProperties": 293498,
            "AlgorithmicMethods": 215418,
            "CrawlFpInspector": 6706
        },
        "average": {
            "BrowserProperties": 313.2315901814301,
            "AlgorithmicMethods": 229.90181430096052,
            "CrawlFpInspector": 7.1568836712913555
        }
    },
    "fpd_attempts_blocked_directly": {
        "n_of_results": 937,
        "sum": {
            "BrowserProperties": 36838,
            "AlgorithmicMethods": 1032,
            "CrawlFpInspector": 655
        },
        "average": {
            "BrowserProperties": 39.31483457844183,
            "AlgorithmicMethods": 1.1013874066168623,
            "CrawlFpInspector": 0.6990394877267876
        }
    },
    "fpd_attempts_blocked_transitively": {
        "n_of_results": 937,
        "sum": {
            "BrowserProperties": 67366,
            "AlgorithmicMethods": 9579,
            "CrawlFpInspector": 1310
        },
        "average": {
            "BrowserProperties": 71.89541088580576,
            "AlgorithmicMethods": 10.223052294557098,
            "CrawlFpInspector": 1.3980789754535752
        }
    },
    "fpd_attempts_blocked_in_total": {
        "n_of_results": 937,
        "sum": {
            "BrowserProperties": 104204,
            "AlgorithmicMethods": 10611,
            "CrawlFpInspector": 1965
        },
        "average": {
            "BrowserProperties": 111.21024546424759,
            "AlgorithmicMethods": 11.32443970117396,
            "CrawlFpInspector": 2.097118463180363
        }
    },
    "requests_observed": {
        "n_of_results": 937,
        "sum": 98244,
        "average": 104.8495197438634
    },
    "requests_blocked_directly": {
        "n_of_results": 937,
        "sum": 8368,
        "average": 8.930629669156884
    },
    "requests_blocked_in_total": {
        "n_of_results": 937,
        "sum": 19204,
        "average": 20.495197438633937
    },
    "requests_blocked_transitively": {
        "n_of_results": 937,
        "sum": 10836,
        "average": 11.564567769477055
    },
    "requests_blocked_that_have_child_requests": {
        "n_of_results": 937,
        "sum": 1634,
        "average": 1.743863393810032
    },
    "average_request_block_level": {
        "n_of_results": 750,
        "sum": 2713.295479883127,
        "average": 3.617727306510836
    },
    "blocked_subtrees_data": {
        "n_of_results": 937,
        "sum": {
            "subtrees_fully_blocked": 6012,
            "subtrees_partially_blocked": 1049,
            "subtrees_not_blocked": 52520,
            "subtrees_in_total": 59581,
            "trees_with_blocked_root_node": 31
        },
        "average": {
            "subtrees_fully_blocked": 6.416221985058698,
            "subtrees_partially_blocked": 1.119530416221985,
            "subtrees_not_blocked": 56.051227321237995,
            "subtrees_in_total": 63.58697972251868,
            "trees_with_blocked_root_node": 0.033084311632870865
        }
    }
}