{
    "fpd_attempts_observed": {
        "n_of_results": 937,
        "sum": {
            "BrowserProperties": 293498,
            "AlgorithmicMethods": 215418,
            "CrawlFpInspector": 6706
        },
        "average": {
            "BrowserProperties": 313.2315901814301,
            "AlgorithmicMethods": 229.90181430096052,
            "CrawlFpInspector": 7.1568836712913555
        }
    },
    "fpd_attempts_blocked_directly": {
        "n_of_results": 937,
        "sum": {
            "BrowserProperties": 52407,
            "AlgorithmicMethods": 5082,
            "CrawlFpInspector": 742
        },
        "average": {
            "BrowserProperties": 55.930629669156886,
            "AlgorithmicMethods": 5.423692636072572,
            "CrawlFpInspector": 0.791889007470651
        }
    },
    "fpd_attempts_blocked_transitively": {
        "n_of_results": 937,
        "sum": {
            "BrowserProperties": 98048,
            "AlgorithmicMethods": 2439,
            "CrawlFpInspector": 1272
        },
        "average": {
            "BrowserProperties": 104.64034151547492,
            "AlgorithmicMethods": 2.6029882604055494,
            "CrawlFpInspector": 1.3575240128068302
        }
    },
    "fpd_attempts_blocked_in_total": {
        "n_of_results": 937,
        "sum": {
            "BrowserProperties": 150455,
            "AlgorithmicMethods": 7521,
            "CrawlFpInspector": 2014
        },
        "average": {
            "BrowserProperties": 160.57097118463182,
            "AlgorithmicMethods": 8.02668089647812,
            "CrawlFpInspector": 2.1494130202774815
        }
    },
    "requests_observed": {
        "n_of_results": 937,
        "sum": 98244,
        "average": 104.8495197438634
    },
    "requests_blocked_directly": {
        "n_of_results": 937,
        "sum": 8623,
        "average": 9.202774813233725
    },
    "requests_blocked_in_total": {
        "n_of_results": 937,
        "sum": 19218,
        "average": 20.510138740661688
    },
    "requests_blocked_transitively": {
        "n_of_results": 937,
        "sum": 10595,
        "average": 11.30736392742796
    },
    "requests_blocked_that_have_child_requests": {
        "n_of_results": 937,
        "sum": 1715,
        "average": 1.8303094983991461
    },
    "average_request_block_level": {
        "n_of_results": 789,
        "sum": 2718.3724341934267,
        "average": 3.4453389533503507
    },
    "blocked_subtrees_data": {
        "n_of_results": 937,
        "sum": {
            "subtrees_fully_blocked": 5270,
            "subtrees_partially_blocked": 938,
            "subtrees_not_blocked": 53373,
            "subtrees_in_total": 59581,
            "trees_with_blocked_root_node": 0
        },
        "average": {
            "subtrees_fully_blocked": 5.624332977588047,
            "subtrees_partially_blocked": 1.0010672358591248,
            "subtrees_not_blocked": 56.961579509071505,
            "subtrees_in_total": 63.58697972251868,
            "trees_with_blocked_root_node": 0.0
        }
    }
}