{
    "fpd_attempts_observed": {
        "n_of_results": 937,
        "sum": {
            "BrowserProperties": 293498,
            "AlgorithmicMethods": 215418,
            "CrawlFpInspector": 6706
        },
        "average": {
            "BrowserProperties": 313.2315901814301,
            "AlgorithmicMethods": 229.90181430096052,
            "CrawlFpInspector": 7.1568836712913555
        }
    },
    "fpd_attempts_blocked_directly": {
        "n_of_results": 937,
        "sum": {
            "BrowserProperties": 64044,
            "AlgorithmicMethods": 3235,
            "CrawlFpInspector": 691
        },
        "average": {
            "BrowserProperties": 68.35005336179296,
            "AlgorithmicMethods": 3.4525080042689433,
            "CrawlFpInspector": 0.7374599786552828
        }
    },
    "fpd_attempts_blocked_transitively": {
        "n_of_results": 937,
        "sum": {
            "BrowserProperties": 114330,
            "AlgorithmicMethods": 6006,
            "CrawlFpInspector": 1117
        },
        "average": {
            "BrowserProperties": 122.017075773746,
            "AlgorithmicMethods": 6.4098185699039485,
            "CrawlFpInspector": 1.1921024546424759
        }
    },
    "fpd_attempts_blocked_in_total": {
        "n_of_results": 937,
        "sum": {
            "BrowserProperties": 178374,
            "AlgorithmicMethods": 9241,
            "CrawlFpInspector": 1808
        },
        "average": {
            "BrowserProperties": 190.36712913553896,
            "AlgorithmicMethods": 9.862326574172892,
            "CrawlFpInspector": 1.9295624332977588
        }
    },
    "requests_observed": {
        "n_of_results": 937,
        "sum": 98244,
        "average": 104.8495197438634
    },
    "requests_blocked_directly": {
        "n_of_results": 937,
        "sum": 8808,
        "average": 9.400213447171826
    },
    "requests_blocked_in_total": {
        "n_of_results": 937,
        "sum": 20432,
        "average": 21.805763073639273
    },
    "requests_blocked_transitively": {
        "n_of_results": 937,
        "sum": 11624,
        "average": 12.40554962646745
    },
    "requests_blocked_that_have_child_requests": {
        "n_of_results": 937,
        "sum": 1809,
        "average": 1.9306296691568836
    },
    "average_request_block_level": {
        "n_of_results": 786,
        "sum": 2607.4298060314336,
        "average": 3.317340720141773
    },
    "blocked_subtrees_data": {
        "n_of_results": 937,
        "sum": {
            "subtrees_fully_blocked": 5818,
            "subtrees_partially_blocked": 690,
            "subtrees_not_blocked": 53073,
            "subtrees_in_total": 59581,
            "trees_with_blocked_root_node": 0
        },
        "average": {
            "subtrees_fully_blocked": 6.209178228388474,
            "subtrees_partially_blocked": 0.736392742796158,
            "subtrees_not_blocked": 56.64140875133405,
            "subtrees_in_total": 63.58697972251868,
            "trees_with_blocked_root_node": 0.0
        }
    }
}