{
    "fpd_attempts_observed": {
        "n_of_results": 937,
        "sum": {
            "BrowserProperties": 293498,
            "AlgorithmicMethods": 215418,
            "CrawlFpInspector": 6706
        },
        "average": {
            "BrowserProperties": 313.2315901814301,
            "AlgorithmicMethods": 229.90181430096052,
            "CrawlFpInspector": 7.1568836712913555
        }
    },
    "fpd_attempts_blocked_directly": {
        "n_of_results": 937,
        "sum": {
            "BrowserProperties": 64297,
            "AlgorithmicMethods": 1235,
            "CrawlFpInspector": 690
        },
        "average": {
            "BrowserProperties": 68.62006403415155,
            "AlgorithmicMethods": 1.3180362860192103,
            "CrawlFpInspector": 0.736392742796158
        }
    },
    "fpd_attempts_blocked_transitively": {
        "n_of_results": 937,
        "sum": {
            "BrowserProperties": 114277,
            "AlgorithmicMethods": 3624,
            "CrawlFpInspector": 1117
        },
        "average": {
            "BrowserProperties": 121.96051227321237,
            "AlgorithmicMethods": 3.8676627534685166,
            "CrawlFpInspector": 1.1921024546424759
        }
    },
    "fpd_attempts_blocked_in_total": {
        "n_of_results": 937,
        "sum": {
            "BrowserProperties": 178574,
            "AlgorithmicMethods": 4859,
            "CrawlFpInspector": 1807
        },
        "average": {
            "BrowserProperties": 190.58057630736394,
            "AlgorithmicMethods": 5.1856990394877265,
            "CrawlFpInspector": 1.928495197438634
        }
    },
    "requests_observed": {
        "n_of_results": 937,
        "sum": 98017,
        "average": 104.60725720384205
    },
    "requests_blocked_directly": {
        "n_of_results": 937,
        "sum": 8773,
        "average": 9.362860192102454
    },
    "requests_blocked_in_total": {
        "n_of_results": 937,
        "sum": 20327,
        "average": 21.693703308431164
    },
    "requests_blocked_transitively": {
        "n_of_results": 937,
        "sum": 11554,
        "average": 12.330843116328708
    },
    "requests_blocked_that_have_child_requests": {
        "n_of_results": 937,
        "sum": 1816,
        "average": 1.9381003201707578
    },
    "average_request_block_level": {
        "n_of_results": 786,
        "sum": 2593.9757656227703,
        "average": 3.300223620385204
    },
    "blocked_subtrees_data": {
        "n_of_results": 937,
        "sum": {
            "subtrees_fully_blocked": 6141,
            "subtrees_partially_blocked": 648,
            "subtrees_not_blocked": 53786,
            "subtrees_in_total": 60575,
            "trees_with_blocked_root_node": 0
        },
        "average": {
            "subtrees_fully_blocked": 6.553895410885806,
            "subtrees_partially_blocked": 0.6915688367129136,
            "subtrees_not_blocked": 57.40234791889007,
            "subtrees_in_total": 64.64781216648879,
            "trees_with_blocked_root_node": 0.0
        }
    }
}