{
    "fpd_attempts_observed": {
        "n_of_results": 937,
        "sum": {
            "BrowserProperties": 293498,
            "AlgorithmicMethods": 215418,
            "CrawlFpInspector": 6706
        },
        "average": {
            "BrowserProperties": 313.2315901814301,
            "AlgorithmicMethods": 229.90181430096052,
            "CrawlFpInspector": 7.1568836712913555
        }
    },
    "fpd_attempts_blocked_directly": {
        "n_of_results": 937,
        "sum": {
            "BrowserProperties": 20818,
            "AlgorithmicMethods": 559,
            "CrawlFpInspector": 623
        },
        "average": {
            "BrowserProperties": 22.217716115261474,
            "AlgorithmicMethods": 0.5965848452508005,
            "CrawlFpInspector": 0.6648879402347919
        }
    },
    "fpd_attempts_blocked_transitively": {
        "n_of_results": 937,
        "sum": {
            "BrowserProperties": 28405,
            "AlgorithmicMethods": 813,
            "CrawlFpInspector": 283
        },
        "average": {
            "BrowserProperties": 30.314834578441836,
            "AlgorithmicMethods": 0.8676627534685165,
            "CrawlFpInspector": 0.30202774813233724
        }
    },
    "fpd_attempts_blocked_in_total": {
        "n_of_results": 937,
        "sum": {
            "BrowserProperties": 49223,
            "AlgorithmicMethods": 1372,
            "CrawlFpInspector": 906
        },
        "average": {
            "BrowserProperties": 52.53255069370331,
            "AlgorithmicMethods": 1.4642475987193169,
            "CrawlFpInspector": 0.9669156883671292
        }
    },
    "requests_observed": {
        "n_of_results": 937,
        "sum": 98017,
        "average": 104.60725720384205
    },
    "requests_blocked_directly": {
        "n_of_results": 937,
        "sum": 3822,
        "average": 4.07897545357524
    },
    "requests_blocked_in_total": {
        "n_of_results": 937,
        "sum": 7609,
        "average": 8.12059765208111
    },
    "requests_blocked_transitively": {
        "n_of_results": 937,
        "sum": 3787,
        "average": 4.04162219850587
    },
    "requests_blocked_that_have_child_requests": {
        "n_of_results": 937,
        "sum": 568,
        "average": 0.6061899679829242
    },
    "average_request_block_level": {
        "n_of_results": 446,
        "sum": 1664.4632944078191,
        "average": 3.7319804807350203
    },
    "blocked_subtrees_data": {
        "n_of_results": 937,
        "sum": {
            "subtrees_fully_blocked": 1711,
            "subtrees_partially_blocked": 517,
            "subtrees_not_blocked": 58347,
            "subtrees_in_total": 60575,
            "trees_with_blocked_root_node": 0
        },
        "average": {
            "subtrees_fully_blocked": 1.8260405549626468,
            "subtrees_partially_blocked": 0.551760939167556,
            "subtrees_not_blocked": 62.270010672358595,
            "subtrees_in_total": 64.64781216648879,
            "trees_with_blocked_root_node": 0.0
        }
    }
}