{
    "fpd_attempts_observed": {
        "n_of_results": 937,
        "sum": {
            "BrowserProperties": 293498,
            "AlgorithmicMethods": 215418,
            "CrawlFpInspector": 6706
        },
        "average": {
            "BrowserProperties": 313.2315901814301,
            "AlgorithmicMethods": 229.90181430096052,
            "CrawlFpInspector": 7.1568836712913555
        }
    },
    "fpd_attempts_blocked_directly": {
        "n_of_results": 937,
        "sum": {
            "BrowserProperties": 20898,
            "AlgorithmicMethods": 561,
            "CrawlFpInspector": 625
        },
        "average": {
            "BrowserProperties": 22.30309498399146,
            "AlgorithmicMethods": 0.5987193169690501,
            "CrawlFpInspector": 0.6670224119530416
        }
    },
    "fpd_attempts_blocked_transitively": {
        "n_of_results": 937,
        "sum": {
            "BrowserProperties": 28539,
            "AlgorithmicMethods": 850,
            "CrawlFpInspector": 285
        },
        "average": {
            "BrowserProperties": 30.457844183564568,
            "AlgorithmicMethods": 0.9071504802561366,
            "CrawlFpInspector": 0.304162219850587
        }
    },
    "fpd_attempts_blocked_in_total": {
        "n_of_results": 937,
        "sum": {
            "BrowserProperties": 49437,
            "AlgorithmicMethods": 1411,
            "CrawlFpInspector": 910
        },
        "average": {
            "BrowserProperties": 52.76093916755603,
            "AlgorithmicMethods": 1.5058697972251867,
            "CrawlFpInspector": 0.9711846318036286
        }
    },
    "requests_observed": {
        "n_of_results": 937,
        "sum": 98017,
        "average": 104.60725720384205
    },
    "requests_blocked_directly": {
        "n_of_results": 937,
        "sum": 3874,
        "average": 4.134471718249733
    },
    "requests_blocked_in_total": {
        "n_of_results": 937,
        "sum": 7707,
        "average": 8.225186766275346
    },
    "requests_blocked_transitively": {
        "n_of_results": 937,
        "sum": 3833,
        "average": 4.090715048025614
    },
    "requests_blocked_that_have_child_requests": {
        "n_of_results": 937,
        "sum": 569,
        "average": 0.6072572038420491
    },
    "average_request_block_level": {
        "n_of_results": 451,
        "sum": 1675.3494534151105,
        "average": 3.7147437991465866
    },
    "blocked_subtrees_data": {
        "n_of_results": 937,
        "sum": {
            "subtrees_fully_blocked": 1764,
            "subtrees_partially_blocked": 517,
            "subtrees_not_blocked": 58294,
            "subtrees_in_total": 60575,
            "trees_with_blocked_root_node": 0
        },
        "average": {
            "subtrees_fully_blocked": 1.8826040554962646,
            "subtrees_partially_blocked": 0.551760939167556,
            "subtrees_not_blocked": 62.213447171824974,
            "subtrees_in_total": 64.64781216648879,
            "trees_with_blocked_root_node": 0.0
        }
    }
}