{
    "fpd_attempts_observed": {
        "n_of_results": 937,
        "sum": {
            "BrowserProperties": 293498,
            "AlgorithmicMethods": 215418,
            "CrawlFpInspector": 6706
        },
        "average": {
            "BrowserProperties": 313.2315901814301,
            "AlgorithmicMethods": 229.90181430096052,
            "CrawlFpInspector": 7.1568836712913555
        }
    },
    "fpd_attempts_blocked_directly": {
        "n_of_results": 937,
        "sum": {
            "BrowserProperties": 64297,
            "AlgorithmicMethods": 1235,
            "CrawlFpInspector": 690
        },
        "average": {
            "BrowserProperties": 68.62006403415155,
            "AlgorithmicMethods": 1.3180362860192103,
            "CrawlFpInspector": 0.736392742796158
        }
    },
    "fpd_attempts_blocked_transitively": {
        "n_of_results": 937,
        "sum": {
            "BrowserProperties": 114277,
            "AlgorithmicMethods": 3624,
            "CrawlFpInspector": 1117
        },
        "average": {
            "BrowserProperties": 121.96051227321237,
            "AlgorithmicMethods": 3.8676627534685166,
            "CrawlFpInspector": 1.1921024546424759
        }
    },
    "fpd_attempts_blocked_in_total": {
        "n_of_results": 937,
        "sum": {
            "BrowserProperties": 178574,
            "AlgorithmicMethods": 4859,
            "CrawlFpInspector": 1807
        },
        "average": {
            "BrowserProperties": 190.58057630736394,
            "AlgorithmicMethods": 5.1856990394877265,
            "CrawlFpInspector": 1.928495197438634
        }
    },
    "requests_observed": {
        "n_of_results": 937,
        "sum": 98244,
        "average": 104.8495197438634
    },
    "requests_blocked_directly": {
        "n_of_results": 937,
        "sum": 8777,
        "average": 9.367129135538955
    },
    "requests_blocked_in_total": {
        "n_of_results": 937,
        "sum": 20331,
        "average": 21.69797225186766
    },
    "requests_blocked_transitively": {
        "n_of_results": 937,
        "sum": 11554,
        "average": 12.330843116328708
    },
    "requests_blocked_that_have_child_requests": {
        "n_of_results": 937,
        "sum": 1816,
        "average": 1.9381003201707578
    },
    "average_request_block_level": {
        "n_of_results": 786,
        "sum": 2593.786306933311,
        "average": 3.2999825787955612
    },
    "blocked_subtrees_data": {
        "n_of_results": 937,
        "sum": {
            "subtrees_fully_blocked": 6145,
            "subtrees_partially_blocked": 648,
            "subtrees_not_blocked": 54002,
            "subtrees_in_total": 60795,
            "trees_with_blocked_root_node": 0
        },
        "average": {
            "subtrees_fully_blocked": 6.558164354322305,
            "subtrees_partially_blocked": 0.6915688367129136,
            "subtrees_not_blocked": 57.63287086446105,
            "subtrees_in_total": 64.88260405549626,
            "trees_with_blocked_root_node": 0.0
        }
    }
}