{
    "fpd_attempts_observed": {
        "n_of_results": 937,
        "sum": {
            "BrowserProperties": 293498,
            "AlgorithmicMethods": 215418,
            "CrawlFpInspector": 6706
        },
        "average": {
            "BrowserProperties": 313.2315901814301,
            "AlgorithmicMethods": 229.90181430096052,
            "CrawlFpInspector": 7.1568836712913555
        }
    },
    "fpd_attempts_blocked_directly": {
        "n_of_results": 937,
        "sum": {
            "BrowserProperties": 22436,
            "AlgorithmicMethods": 587,
            "CrawlFpInspector": 638
        },
        "average": {
            "BrowserProperties": 23.944503735325508,
            "AlgorithmicMethods": 0.6264674493062967,
            "CrawlFpInspector": 0.6808964781216649
        }
    },
    "fpd_attempts_blocked_transitively": {
        "n_of_results": 937,
        "sum": {
            "BrowserProperties": 32384,
            "AlgorithmicMethods": 930,
            "CrawlFpInspector": 320
        },
        "average": {
            "BrowserProperties": 34.56136606189968,
            "AlgorithmicMethods": 0.9925293489861259,
            "CrawlFpInspector": 0.3415154749199573
        }
    },
    "fpd_attempts_blocked_in_total": {
        "n_of_results": 937,
        "sum": {
            "BrowserProperties": 54820,
            "AlgorithmicMethods": 1517,
            "CrawlFpInspector": 958
        },
        "average": {
            "BrowserProperties": 58.50586979722519,
            "AlgorithmicMethods": 1.6189967982924227,
            "CrawlFpInspector": 1.0224119530416222
        }
    },
    "requests_observed": {
        "n_of_results": 937,
        "sum": 98244,
        "average": 104.8495197438634
    },
    "requests_blocked_directly": {
        "n_of_results": 937,
        "sum": 4002,
        "average": 4.271077908217716
    },
    "requests_blocked_in_total": {
        "n_of_results": 937,
        "sum": 8405,
        "average": 8.970117395944504
    },
    "requests_blocked_transitively": {
        "n_of_results": 937,
        "sum": 4403,
        "average": 4.699039487726788
    },
    "requests_blocked_that_have_child_requests": {
        "n_of_results": 937,
        "sum": 603,
        "average": 0.6435432230522946
    },
    "average_request_block_level": {
        "n_of_results": 451,
        "sum": 1679.106132693271,
        "average": 3.7230734649518205
    },
    "blocked_subtrees_data": {
        "n_of_results": 937,
        "sum": {
            "subtrees_fully_blocked": 1806,
            "subtrees_partially_blocked": 518,
            "subtrees_not_blocked": 58471,
            "subtrees_in_total": 60795,
            "trees_with_blocked_root_node": 0
        },
        "average": {
            "subtrees_fully_blocked": 1.9274279615795091,
            "subtrees_partially_blocked": 0.5528281750266809,
            "subtrees_not_blocked": 62.40234791889007,
            "subtrees_in_total": 64.88260405549626,
            "trees_with_blocked_root_node": 0.0
        }
    }
}