{
    "fpd_attempts_observed": {
        "n_of_results": 937,
        "sum": {
            "BrowserProperties": 293498,
            "AlgorithmicMethods": 215418,
            "CrawlFpInspector": 6706
        },
        "average": {
            "BrowserProperties": 313.2315901814301,
            "AlgorithmicMethods": 229.90181430096052,
            "CrawlFpInspector": 7.1568836712913555
        }
    },
    "fpd_attempts_blocked_directly": {
        "n_of_results": 937,
        "sum": {
            "BrowserProperties": 64602,
            "AlgorithmicMethods": 1232,
            "CrawlFpInspector": 694
        },
        "average": {
            "BrowserProperties": 68.94557097118464,
            "AlgorithmicMethods": 1.3148345784418356,
            "CrawlFpInspector": 0.7406616862326574
        }
    },
    "fpd_attempts_blocked_transitively": {
        "n_of_results": 937,
        "sum": {
            "BrowserProperties": 117069,
            "AlgorithmicMethods": 3649,
            "CrawlFpInspector": 1275
        },
        "average": {
            "BrowserProperties": 124.94023479188901,
            "AlgorithmicMethods": 3.8943436499466384,
            "CrawlFpInspector": 1.360725720384205
        }
    },
    "fpd_attempts_blocked_in_total": {
        "n_of_results": 937,
        "sum": {
            "BrowserProperties": 181671,
            "AlgorithmicMethods": 4881,
            "CrawlFpInspector": 1969
        },
        "average": {
            "BrowserProperties": 193.88580576307365,
            "AlgorithmicMethods": 5.209178228388474,
            "CrawlFpInspector": 2.1013874066168623
        }
    },
    "requests_observed": {
        "n_of_results": 937,
        "sum": 98244,
        "average": 104.8495197438634
    },
    "requests_blocked_directly": {
        "n_of_results": 937,
        "sum": 8728,
        "average": 9.314834578441836
    },
    "requests_blocked_in_total": {
        "n_of_results": 937,
        "sum": 20735,
        "average": 22.12913553895411
    },
    "requests_blocked_transitively": {
        "n_of_results": 937,
        "sum": 12007,
        "average": 12.814300960512274
    },
    "requests_blocked_that_have_child_requests": {
        "n_of_results": 937,
        "sum": 1933,
        "average": 2.062966915688367
    },
    "average_request_block_level": {
        "n_of_results": 791,
        "sum": 2595.9275938337996,
        "average": 3.281830080700126
    },
    "blocked_subtrees_data": {
        "n_of_results": 937,
        "sum": {
            "subtrees_fully_blocked": 6148,
            "subtrees_partially_blocked": 619,
            "subtrees_not_blocked": 54028,
            "subtrees_in_total": 60795,
            "trees_with_blocked_root_node": 0
        },
        "average": {
            "subtrees_fully_blocked": 6.56136606189968,
            "subtrees_partially_blocked": 0.6606189967982924,
            "subtrees_not_blocked": 57.66061899679829,
            "subtrees_in_total": 64.88260405549626,
            "trees_with_blocked_root_node": 0.0
        }
    }
}