{
    "fpd_attempts_observed": {
        "n_of_results": 937,
        "sum": {
            "BrowserProperties": 293498,
            "AlgorithmicMethods": 215418,
            "CrawlFpInspector": 6706
        },
        "average": {
            "BrowserProperties": 313.2315901814301,
            "AlgorithmicMethods": 229.90181430096052,
            "CrawlFpInspector": 7.1568836712913555
        }
    },
    "fpd_attempts_blocked_directly": {
        "n_of_results": 937,
        "sum": {
            "BrowserProperties": 64603,
            "AlgorithmicMethods": 1235,
            "CrawlFpInspector": 706
        },
        "average": {
            "BrowserProperties": 68.94663820704376,
            "AlgorithmicMethods": 1.3180362860192103,
            "CrawlFpInspector": 0.7534685165421559
        }
    },
    "fpd_attempts_blocked_transitively": {
        "n_of_results": 937,
        "sum": {
            "BrowserProperties": 128878,
            "AlgorithmicMethods": 4217,
            "CrawlFpInspector": 1317
        },
        "average": {
            "BrowserProperties": 137.54322305229456,
            "AlgorithmicMethods": 4.5005336179295625,
            "CrawlFpInspector": 1.4055496264674494
        }
    },
    "fpd_attempts_blocked_in_total": {
        "n_of_results": 937,
        "sum": {
            "BrowserProperties": 193481,
            "AlgorithmicMethods": 5452,
            "CrawlFpInspector": 2023
        },
        "average": {
            "BrowserProperties": 206.4898612593383,
            "AlgorithmicMethods": 5.818569903948773,
            "CrawlFpInspector": 2.159018143009605
        }
    },
    "requests_observed": {
        "n_of_results": 937,
        "sum": 98244,
        "average": 104.8495197438634
    },
    "requests_blocked_directly": {
        "n_of_results": 937,
        "sum": 8945,
        "average": 9.546424759871933
    },
    "requests_blocked_in_total": {
        "n_of_results": 937,
        "sum": 22653,
        "average": 24.176093916755605
    },
    "requests_blocked_transitively": {
        "n_of_results": 937,
        "sum": 13708,
        "average": 14.629669156883672
    },
    "requests_blocked_that_have_child_requests": {
        "n_of_results": 937,
        "sum": 1940,
        "average": 2.070437566702241
    },
    "average_request_block_level": {
        "n_of_results": 800,
        "sum": 2616.927167255313,
        "average": 3.2711589590691417
    },
    "blocked_subtrees_data": {
        "n_of_results": 937,
        "sum": {
            "subtrees_fully_blocked": 6413,
            "subtrees_partially_blocked": 617,
            "subtrees_not_blocked": 53765,
            "subtrees_in_total": 60795,
            "trees_with_blocked_root_node": 0
        },
        "average": {
            "subtrees_fully_blocked": 6.8441835645677696,
            "subtrees_partially_blocked": 0.6584845250800427,
            "subtrees_not_blocked": 57.37993596584845,
            "subtrees_in_total": 64.88260405549626,
            "trees_with_blocked_root_node": 0.0
        }
    }
}