{
    "fpd_attempts_observed": {
        "n_of_results": 937,
        "sum": {
            "BrowserProperties": 294613,
            "AlgorithmicMethods": 215428,
            "CrawlFpInspector": 6828
        },
        "average": {
            "BrowserProperties": 314.42155816435434,
            "AlgorithmicMethods": 229.91248665955177,
            "CrawlFpInspector": 7.287086446104589
        }
    },
    "fpd_attempts_blocked_directly": {
        "n_of_results": 937,
        "sum": {
            "BrowserProperties": 64344,
            "AlgorithmicMethods": 3232,
            "CrawlFpInspector": 694
        },
        "average": {
            "BrowserProperties": 68.67022411953042,
            "AlgorithmicMethods": 3.4493062966915686,
            "CrawlFpInspector": 0.7406616862326574
        }
    },
    "fpd_attempts_blocked_transitively": {
        "n_of_results": 937,
        "sum": {
            "BrowserProperties": 116938,
            "AlgorithmicMethods": 6030,
            "CrawlFpInspector": 1275
        },
        "average": {
            "BrowserProperties": 124.80042689434364,
            "AlgorithmicMethods": 6.435432230522945,
            "CrawlFpInspector": 1.360725720384205
        }
    },
    "fpd_attempts_blocked_in_total": {
        "n_of_results": 937,
        "sum": {
            "BrowserProperties": 181282,
            "AlgorithmicMethods": 9262,
            "CrawlFpInspector": 1969
        },
        "average": {
            "BrowserProperties": 193.47065101387406,
            "AlgorithmicMethods": 9.884738527214514,
            "CrawlFpInspector": 2.1013874066168623
        }
    },
    "requests_observed": {
        "n_of_results": 937,
        "sum": 98244,
        "average": 104.8495197438634
    },
    "requests_blocked_directly": {
        "n_of_results": 937,
        "sum": 8751,
        "average": 9.339381003201707
    },
    "requests_blocked_in_total": {
        "n_of_results": 937,
        "sum": 20835,
        "average": 22.235859124866597
    },
    "requests_blocked_transitively": {
        "n_of_results": 937,
        "sum": 12084,
        "average": 12.896478121664888
    },
    "requests_blocked_that_have_child_requests": {
        "n_of_results": 937,
        "sum": 1933,
        "average": 2.062966915688367
    },
    "average_request_block_level": {
        "n_of_results": 791,
        "sum": 2610.341580316414,
        "average": 3.300052566771699
    },
    "blocked_subtrees_data": {
        "n_of_results": 937,
        "sum": {
            "subtrees_fully_blocked": 5819,
            "subtrees_partially_blocked": 659,
            "subtrees_not_blocked": 53103,
            "subtrees_in_total": 59581,
            "trees_with_blocked_root_node": 0
        },
        "average": {
            "subtrees_fully_blocked": 6.210245464247599,
            "subtrees_partially_blocked": 0.7033084311632871,
            "subtrees_not_blocked": 56.67342582710779,
            "subtrees_in_total": 63.58697972251868,
            "trees_with_blocked_root_node": 0.0
        }
    }
}