{
    "fpd_attempts_observed": {
        "n_of_results": 937,
        "sum": {
            "BrowserProperties": 293498,
            "AlgorithmicMethods": 215418,
            "CrawlFpInspector": 6706
        },
        "average": {
            "BrowserProperties": 313.2315901814301,
            "AlgorithmicMethods": 229.90181430096052,
            "CrawlFpInspector": 7.1568836712913555
        }
    },
    "fpd_attempts_blocked_directly": {
        "n_of_results": 937,
        "sum": {
            "BrowserProperties": 36864,
            "AlgorithmicMethods": 1264,
            "CrawlFpInspector": 655
        },
        "average": {
            "BrowserProperties": 39.342582710779084,
            "AlgorithmicMethods": 1.3489861259338314,
            "CrawlFpInspector": 0.6990394877267876
        }
    },
    "fpd_attempts_blocked_transitively": {
        "n_of_results": 937,
        "sum": {
            "BrowserProperties": 67355,
            "AlgorithmicMethods": 8601,
            "CrawlFpInspector": 1310
        },
        "average": {
            "BrowserProperties": 71.88367129135538,
            "AlgorithmicMethods": 9.179295624332978,
            "CrawlFpInspector": 1.3980789754535752
        }
    },
    "fpd_attempts_blocked_in_total": {
        "n_of_results": 937,
        "sum": {
            "BrowserProperties": 104219,
            "AlgorithmicMethods": 9865,
            "CrawlFpInspector": 1965
        },
        "average": {
            "BrowserProperties": 111.22625400213447,
            "AlgorithmicMethods": 10.528281750266808,
            "CrawlFpInspector": 2.097118463180363
        }
    },
    "requests_observed": {
        "n_of_results": 937,
        "sum": 98244,
        "average": 104.8495197438634
    },
    "requests_blocked_directly": {
        "n_of_results": 937,
        "sum": 8376,
        "average": 8.939167556029883
    },
    "requests_blocked_in_total": {
        "n_of_results": 937,
        "sum": 18955,
        "average": 20.229455709711846
    },
    "requests_blocked_transitively": {
        "n_of_results": 937,
        "sum": 10579,
        "average": 11.290288153681963
    },
    "requests_blocked_that_have_child_requests": {
        "n_of_results": 937,
        "sum": 1631,
        "average": 1.7406616862326574
    },
    "average_request_block_level": {
        "n_of_results": 751,
        "sum": 2704.4698902888786,
        "average": 3.6011583093060966
    },
    "blocked_subtrees_data": {
        "n_of_results": 937,
        "sum": {
            "subtrees_fully_blocked": 6532,
            "subtrees_partially_blocked": 1018,
            "subtrees_not_blocked": 53245,
            "subtrees_in_total": 60795,
            "trees_with_blocked_root_node": 31
        },
        "average": {
            "subtrees_fully_blocked": 6.971184631803629,
            "subtrees_partially_blocked": 1.0864461045891143,
            "subtrees_not_blocked": 56.82497331910352,
            "subtrees_in_total": 64.88260405549626,
            "trees_with_blocked_root_node": 0.033084311632870865
        }
    }
}