{
    "fpd_attempts_observed": {
        "n_of_results": 937,
        "sum": {
            "BrowserProperties": 294613,
            "AlgorithmicMethods": 215428,
            "CrawlFpInspector": 6828
        },
        "average": {
            "BrowserProperties": 314.42155816435434,
            "AlgorithmicMethods": 229.91248665955177,
            "CrawlFpInspector": 7.287086446104589
        }
    },
    "fpd_attempts_blocked_directly": {
        "n_of_results": 937,
        "sum": {
            "BrowserProperties": 36747,
            "AlgorithmicMethods": 1032,
            "CrawlFpInspector": 655
        },
        "average": {
            "BrowserProperties": 39.217716115261474,
            "AlgorithmicMethods": 1.1013874066168623,
            "CrawlFpInspector": 0.6990394877267876
        }
    },
    "fpd_attempts_blocked_transitively": {
        "n_of_results": 937,
        "sum": {
            "BrowserProperties": 67229,
            "AlgorithmicMethods": 9579,
            "CrawlFpInspector": 1310
        },
        "average": {
            "BrowserProperties": 71.74919957310566,
            "AlgorithmicMethods": 10.223052294557098,
            "CrawlFpInspector": 1.3980789754535752
        }
    },
    "fpd_attempts_blocked_in_total": {
        "n_of_results": 937,
        "sum": {
            "BrowserProperties": 103976,
            "AlgorithmicMethods": 10611,
            "CrawlFpInspector": 1965
        },
        "average": {
            "BrowserProperties": 110.96691568836712,
            "AlgorithmicMethods": 11.32443970117396,
            "CrawlFpInspector": 2.097118463180363
        }
    },
    "requests_observed": {
        "n_of_results": 937,
        "sum": 98333,
        "average": 104.94450373532551
    },
    "requests_blocked_directly": {
        "n_of_results": 937,
        "sum": 8382,
        "average": 8.945570971184631
    },
    "requests_blocked_in_total": {
        "n_of_results": 937,
        "sum": 19235,
        "average": 20.52828175026681
    },
    "requests_blocked_transitively": {
        "n_of_results": 937,
        "sum": 10853,
        "average": 11.582710779082177
    },
    "requests_blocked_that_have_child_requests": {
        "n_of_results": 937,
        "sum": 1635,
        "average": 1.744930629669157
    },
    "average_request_block_level": {
        "n_of_results": 937,
        "sum": 2715.6359765661487,
        "average": 2.8982240945209696
    },
    "blocked_subtrees_data": {
        "n_of_results": 937,
        "sum": {
            "subtrees_fully_blocked": 6019,
            "subtrees_partially_blocked": 1050,
            "subtrees_not_blocked": 52509,
            "subtrees_in_total": 59578,
            "trees_blocked_because_root_node": 31
        },
        "average": {
            "subtrees_fully_blocked": 6.423692636072572,
            "subtrees_partially_blocked": 1.1205976520811098,
            "subtrees_not_blocked": 56.03948772678762,
            "subtrees_in_total": 63.5837780149413,
            "trees_blocked_because_root_node": 0.033084311632870865
        }
    }
}