{
    "fpd_attempts_observed": {
        "n_of_results": 937,
        "sum": {
            "BrowserProperties": 293498,
            "AlgorithmicMethods": 215418,
            "CrawlFpInspector": 6706
        },
        "average": {
            "BrowserProperties": 313.2315901814301,
            "AlgorithmicMethods": 229.90181430096052,
            "CrawlFpInspector": 7.1568836712913555
        }
    },
    "fpd_attempts_blocked_directly": {
        "n_of_results": 937,
        "sum": {
            "BrowserProperties": 64298,
            "AlgorithmicMethods": 1238,
            "CrawlFpInspector": 702
        },
        "average": {
            "BrowserProperties": 68.62113127001068,
            "AlgorithmicMethods": 1.3212379935965848,
            "CrawlFpInspector": 0.7491995731056563
        }
    },
    "fpd_attempts_blocked_transitively": {
        "n_of_results": 937,
        "sum": {
            "BrowserProperties": 126086,
            "AlgorithmicMethods": 4192,
            "CrawlFpInspector": 1159
        },
        "average": {
            "BrowserProperties": 134.56350053361794,
            "AlgorithmicMethods": 4.473852721451441,
            "CrawlFpInspector": 1.2369263607257204
        }
    },
    "fpd_attempts_blocked_in_total": {
        "n_of_results": 937,
        "sum": {
            "BrowserProperties": 190384,
            "AlgorithmicMethods": 5430,
            "CrawlFpInspector": 1861
        },
        "average": {
            "BrowserProperties": 203.1846318036286,
            "AlgorithmicMethods": 5.795090715048025,
            "CrawlFpInspector": 1.9861259338313768
        }
    },
    "requests_observed": {
        "n_of_results": 937,
        "sum": 98244,
        "average": 104.8495197438634
    },
    "requests_blocked_directly": {
        "n_of_results": 937,
        "sum": 9014,
        "average": 9.620064034151547
    },
    "requests_blocked_in_total": {
        "n_of_results": 937,
        "sum": 22240,
        "average": 23.735325506937034
    },
    "requests_blocked_transitively": {
        "n_of_results": 937,
        "sum": 13226,
        "average": 14.115261472785486
    },
    "requests_blocked_that_have_child_requests": {
        "n_of_results": 937,
        "sum": 1822,
        "average": 1.944503735325507
    },
    "average_request_block_level": {
        "n_of_results": 795,
        "sum": 2614.8068802709627,
        "average": 3.2890652582024686
    },
    "blocked_subtrees_data": {
        "n_of_results": 937,
        "sum": {
            "subtrees_fully_blocked": 6420,
            "subtrees_partially_blocked": 651,
            "subtrees_not_blocked": 53724,
            "subtrees_in_total": 60795,
            "trees_with_blocked_root_node": 0
        },
        "average": {
            "subtrees_fully_blocked": 6.851654215581643,
            "subtrees_partially_blocked": 0.6947705442902882,
            "subtrees_not_blocked": 57.33617929562433,
            "subtrees_in_total": 64.88260405549626,
            "trees_with_blocked_root_node": 0.0
        }
    }
}