{
    "fpd_attempts_observed": {
        "n_of_results": 937,
        "sum": {
            "BrowserProperties": 293498,
            "AlgorithmicMethods": 215418,
            "CrawlFpInspector": 6706
        },
        "average": {
            "BrowserProperties": 313.2315901814301,
            "AlgorithmicMethods": 229.90181430096052,
            "CrawlFpInspector": 7.1568836712913555
        }
    },
    "fpd_attempts_blocked_directly": {
        "n_of_results": 937,
        "sum": {
            "BrowserProperties": 64161,
            "AlgorithmicMethods": 1235,
            "CrawlFpInspector": 690
        },
        "average": {
            "BrowserProperties": 68.47491995731056,
            "AlgorithmicMethods": 1.3180362860192103,
            "CrawlFpInspector": 0.736392742796158
        }
    },
    "fpd_attempts_blocked_transitively": {
        "n_of_results": 937,
        "sum": {
            "BrowserProperties": 114282,
            "AlgorithmicMethods": 3634,
            "CrawlFpInspector": 1117
        },
        "average": {
            "BrowserProperties": 121.965848452508,
            "AlgorithmicMethods": 3.8783351120597653,
            "CrawlFpInspector": 1.1921024546424759
        }
    },
    "fpd_attempts_blocked_in_total": {
        "n_of_results": 937,
        "sum": {
            "BrowserProperties": 178443,
            "AlgorithmicMethods": 4869,
            "CrawlFpInspector": 1807
        },
        "average": {
            "BrowserProperties": 190.44076840981856,
            "AlgorithmicMethods": 5.196371398078975,
            "CrawlFpInspector": 1.928495197438634
        }
    },
    "requests_observed": {
        "n_of_results": 937,
        "sum": 98017,
        "average": 104.60725720384205
    },
    "requests_blocked_directly": {
        "n_of_results": 937,
        "sum": 8816,
        "average": 9.408751334044824
    },
    "requests_blocked_in_total": {
        "n_of_results": 937,
        "sum": 20386,
        "average": 21.75667022411953
    },
    "requests_blocked_transitively": {
        "n_of_results": 937,
        "sum": 11570,
        "average": 12.347918890074707
    },
    "requests_blocked_that_have_child_requests": {
        "n_of_results": 937,
        "sum": 1814,
        "average": 1.935965848452508
    },
    "average_request_block_level": {
        "n_of_results": 786,
        "sum": 2590.99708289573,
        "average": 3.296433947704491
    },
    "blocked_subtrees_data": {
        "n_of_results": 937,
        "sum": {
            "subtrees_fully_blocked": 6186,
            "subtrees_partially_blocked": 648,
            "subtrees_not_blocked": 53741,
            "subtrees_in_total": 60575,
            "trees_with_blocked_root_node": 0
        },
        "average": {
            "subtrees_fully_blocked": 6.601921024546424,
            "subtrees_partially_blocked": 0.6915688367129136,
            "subtrees_not_blocked": 57.35432230522945,
            "subtrees_in_total": 64.64781216648879,
            "trees_with_blocked_root_node": 0.0
        }
    }
}